-- MySQL dump 10.13  Distrib 8.0.30, for Win64 (x86_64)
--
-- Host: localhost    Database: monika
-- ------------------------------------------------------
-- Server version	8.0.30

/*!40101 SET @OLD_CHARACTER_SET_CLIENT=@@CHARACTER_SET_CLIENT */;
/*!40101 SET @OLD_CHARACTER_SET_RESULTS=@@CHARACTER_SET_RESULTS */;
/*!40101 SET @OLD_COLLATION_CONNECTION=@@COLLATION_CONNECTION */;
/*!50503 SET NAMES utf8mb4 */;
/*!40103 SET @OLD_TIME_ZONE=@@TIME_ZONE */;
/*!40103 SET TIME_ZONE='+00:00' */;
/*!40014 SET @OLD_UNIQUE_CHECKS=@@UNIQUE_CHECKS, UNIQUE_CHECKS=0 */;
/*!40014 SET @OLD_FOREIGN_KEY_CHECKS=@@FOREIGN_KEY_CHECKS, FOREIGN_KEY_CHECKS=0 */;
/*!40101 SET @OLD_SQL_MODE=@@SQL_MODE, SQL_MODE='NO_AUTO_VALUE_ON_ZERO' */;
/*!40111 SET @OLD_SQL_NOTES=@@SQL_NOTES, SQL_NOTES=0 */;

--
-- Table structure for table `anomali_log`
--

DROP TABLE IF EXISTS `anomali_log`;
/*!40101 SET @saved_cs_client     = @@character_set_client */;
/*!50503 SET character_set_client = utf8mb4 */;
CREATE TABLE `anomali_log` (
  `id_anomali` int NOT NULL AUTO_INCREMENT,
  `id_dokumen` int NOT NULL,
  `id_petugas_pengolahan` int DEFAULT NULL COMMENT 'Role 4',
  `jenis_error` varchar(100) NOT NULL,
  `keterangan` text,
  `created_at` timestamp NOT NULL DEFAULT CURRENT_TIMESTAMP,
  PRIMARY KEY (`id_anomali`),
  KEY `fk_anomali_dok` (`id_dokumen`),
  KEY `fk_anomali_petugas` (`id_petugas_pengolahan`),
  CONSTRAINT `fk_anomali_dok` FOREIGN KEY (`id_dokumen`) REFERENCES `dokumen_survei` (`id_dokumen`) ON DELETE CASCADE ON UPDATE CASCADE,
  CONSTRAINT `fk_anomali_petugas` FOREIGN KEY (`id_petugas_pengolahan`) REFERENCES `users` (`id_user`) ON DELETE SET NULL ON UPDATE CASCADE
) ENGINE=InnoDB AUTO_INCREMENT=61 DEFAULT CHARSET=utf8mb4 COLLATE=utf8mb4_0900_ai_ci;
/*!40101 SET character_set_client = @saved_cs_client */;

--
-- Dumping data for table `anomali_log`
--

LOCK TABLES `anomali_log` WRITE;
/*!40000 ALTER TABLE `anomali_log` DISABLE KEYS */;
INSERT INTO `anomali_log` VALUES (1,17,47,'Format Tanggal Salah','Isian umur 0 pada ART status kawin','2026-01-09 11:12:59'),(2,50,19,'Skip Pattern Error','Format tanggal bukan dd/mm/yyyy','2026-02-01 11:12:59'),(3,44,43,'Kode Wilayah Salah','Kode kecamatan tidak ada di masterfile','2025-12-19 11:12:59'),(4,77,45,'Inkonsistensi Jawaban','Isian umur 0 pada ART status kawin','2026-01-03 11:12:59'),(5,68,45,'Variabel Wajib Kosong','Ditemukan duplikasi pada blok IV Ruta','2026-01-27 11:12:59'),(6,66,45,'Skip Pattern Error','Jawaban multi-kode di pertanyaan single-code','2026-02-01 11:12:59'),(7,52,22,'Skip Pattern Error','Jawaban B5K2 tidak konsisten dengan B3K1','2025-12-20 11:12:59'),(8,46,49,'Variabel Wajib Kosong','Jawaban multi-kode di pertanyaan single-code','2025-12-30 11:12:59'),(9,19,18,'Skip Pattern Error','Pendapatan bernilai negatif','2025-12-30 11:12:59'),(10,11,42,'Skip Pattern Error','Seharusnya R303 langsung ke R310','2026-02-02 11:12:59'),(11,80,22,'Jawaban Ganda','Seharusnya R303 langsung ke R310','2026-01-26 11:12:59'),(12,87,42,'Data Kosong','Blok III tidak terisi sama sekali','2026-01-28 11:12:59'),(13,5,44,'Inkonsistensi Jawaban','Isian umur 0 pada ART status kawin','2025-12-27 11:12:59'),(14,89,46,'Data Kosong','Nomor urut ruta melebihi target','2026-01-10 11:12:59'),(15,60,49,'Variabel Wajib Kosong','Format tanggal bukan dd/mm/yyyy','2026-01-15 11:12:59'),(16,44,41,'Data Kosong','Isian umur 0 pada ART status kawin','2025-12-25 11:12:59'),(17,44,49,'Jawaban Ganda','Blok III tidak terisi sama sekali','2025-12-29 11:12:59'),(18,88,49,'Skip Pattern Error','Variabel R401 wajib diisi tetapi kosong','2026-02-01 11:12:59'),(19,3,18,'Skip Pattern Error','Variabel R401 wajib diisi tetapi kosong','2026-02-07 11:12:59'),(20,21,47,'Nomor Ruta Tidak Valid','Jumlah ART tidak sesuai daftar','2026-01-05 11:12:59'),(21,28,46,'Variabel Wajib Kosong','Jumlah ART tidak sesuai daftar','2026-01-26 11:12:59'),(22,3,19,'Variabel Wajib Kosong','Pendapatan bernilai negatif','2025-12-21 11:12:59'),(23,29,42,'Kode Wilayah Salah','Kode kecamatan tidak ada di masterfile','2026-01-30 11:12:59'),(24,17,18,'Nomor Ruta Tidak Valid','Seharusnya R303 langsung ke R310','2026-01-09 11:12:59'),(25,100,50,'Nomor Ruta Tidak Valid','Jawaban B5K2 tidak konsisten dengan B3K1','2025-12-24 11:12:59'),(26,34,41,'Kode Wilayah Salah','Kode kecamatan tidak ada di masterfile','2026-01-08 11:12:59'),(27,5,18,'Jawaban Ganda','Nomor urut ruta melebihi target','2026-01-07 11:12:59'),(28,35,19,'Format Tanggal Salah','Nomor urut ruta melebihi target','2026-01-05 11:12:59'),(29,9,50,'Data Kosong','Kode kecamatan tidak ada di masterfile','2026-01-21 11:12:59'),(30,4,22,'Variabel Wajib Kosong','Isian umur 0 pada ART status kawin','2025-12-27 11:12:59'),(31,80,48,'Jawaban Ganda','Jawaban B5K2 tidak konsisten dengan B3K1','2026-02-09 11:12:59'),(32,99,41,'Nomor Ruta Tidak Valid','Jawaban multi-kode di pertanyaan single-code','2026-01-05 11:12:59'),(33,99,47,'Isian di Luar Range','Seharusnya R303 langsung ke R310','2026-02-01 11:12:59'),(34,51,42,'Jawaban Ganda','Jawaban multi-kode di pertanyaan single-code','2026-01-22 11:12:59'),(35,82,19,'Kode Wilayah Salah','Jumlah ART tidak sesuai daftar','2026-01-22 11:12:59'),(36,37,22,'Skip Pattern Error','Jawaban multi-kode di pertanyaan single-code','2026-02-10 11:12:59'),(37,74,44,'Jawaban Ganda','Nomor urut ruta melebihi target','2026-01-24 11:12:59'),(38,100,46,'Nomor Ruta Tidak Valid','Blok III tidak terisi sama sekali','2026-01-09 11:12:59'),(39,84,45,'Nomor Ruta Tidak Valid','Ditemukan duplikasi pada blok IV Ruta','2026-01-05 11:12:59'),(40,70,50,'Data Kosong','Nomor urut ruta melebihi target','2025-12-18 11:12:59'),(41,68,18,'Data Kosong','Variabel R401 wajib diisi tetapi kosong','2026-01-06 11:12:59'),(42,62,22,'Skip Pattern Error','Blok III tidak terisi sama sekali','2025-12-29 11:12:59'),(43,71,49,'Inkonsistensi Jawaban','Isian umur 0 pada ART status kawin','2026-01-15 11:12:59'),(44,99,47,'Data Kosong','Ditemukan duplikasi pada blok IV Ruta','2026-01-09 11:12:59'),(45,87,46,'Duplikat Data','Isian umur 0 pada ART status kawin','2026-01-07 11:12:59'),(46,41,22,'Inkonsistensi Jawaban','Nomor urut ruta melebihi target','2026-01-09 11:12:59'),(47,38,48,'Data Kosong','Ditemukan duplikasi pada blok IV Ruta','2026-01-30 11:12:59'),(48,67,44,'Variabel Wajib Kosong','Kode kecamatan tidak ada di masterfile','2026-02-11 11:12:59'),(49,5,46,'Variabel Wajib Kosong','Blok III tidak terisi sama sekali','2026-01-30 11:12:59'),(50,2,41,'Data Kosong','Format tanggal bukan dd/mm/yyyy','2026-01-23 11:12:59'),(51,41,47,'Data Kosong','Kode kecamatan tidak ada di masterfile','2025-12-26 11:12:59'),(52,43,50,'Nomor Ruta Tidak Valid','Format tanggal bukan dd/mm/yyyy','2026-01-30 11:12:59'),(53,25,18,'Nomor Ruta Tidak Valid','Format tanggal bukan dd/mm/yyyy','2026-01-28 11:12:59'),(54,36,18,'Jawaban Ganda','Blok III tidak terisi sama sekali','2026-02-11 11:12:59'),(55,82,22,'Data Kosong','Pendapatan bernilai negatif','2026-01-21 11:12:59'),(56,47,49,'Format Tanggal Salah','Nomor urut ruta melebihi target','2025-12-26 11:12:59'),(57,37,41,'Kode Wilayah Salah','Jawaban B5K2 tidak konsisten dengan B3K1','2026-01-07 11:12:59'),(58,33,50,'Data Kosong','Jumlah ART tidak sesuai daftar','2026-02-03 11:12:59'),(59,24,43,'Kode Wilayah Salah','Format tanggal bukan dd/mm/yyyy','2026-02-14 11:12:59'),(60,94,46,'Variabel Wajib Kosong','Blok III tidak terisi sama sekali','2026-02-08 11:12:59');
/*!40000 ALTER TABLE `anomali_log` ENABLE KEYS */;
UNLOCK TABLES;

--
-- Table structure for table `dokumen_survei`
--

DROP TABLE IF EXISTS `dokumen_survei`;
/*!40101 SET @saved_cs_client     = @@character_set_client */;
/*!50503 SET character_set_client = utf8mb4 */;
CREATE TABLE `dokumen_survei` (
  `id_dokumen` int NOT NULL AUTO_INCREMENT,
  `id_kegiatan` int NOT NULL,
  `kode_wilayah` varchar(20) NOT NULL,
  `id_petugas_pendataan` int DEFAULT NULL COMMENT 'Role 3',
  `processed_by` int DEFAULT NULL COMMENT 'Role 4',
  `status` enum('Uploaded','Sudah Entry','Error','Valid') NOT NULL DEFAULT 'Uploaded',
  `pernah_error` tinyint(1) NOT NULL DEFAULT '0',
  `tanggal_setor` date DEFAULT NULL,
  `created_at` timestamp NOT NULL DEFAULT CURRENT_TIMESTAMP,
  `updated_at` timestamp NOT NULL DEFAULT CURRENT_TIMESTAMP ON UPDATE CURRENT_TIMESTAMP,
  PRIMARY KEY (`id_dokumen`),
  KEY `fk_dok_kegiatan` (`id_kegiatan`),
  KEY `fk_dok_pcl` (`id_petugas_pendataan`),
  KEY `fk_dok_proc` (`processed_by`),
  CONSTRAINT `fk_dok_kegiatan` FOREIGN KEY (`id_kegiatan`) REFERENCES `master_kegiatan` (`id_kegiatan`) ON DELETE CASCADE ON UPDATE CASCADE,
  CONSTRAINT `fk_dok_pcl` FOREIGN KEY (`id_petugas_pendataan`) REFERENCES `users` (`id_user`) ON DELETE SET NULL ON UPDATE CASCADE,
  CONSTRAINT `fk_dok_proc` FOREIGN KEY (`processed_by`) REFERENCES `users` (`id_user`) ON DELETE SET NULL ON UPDATE CASCADE
) ENGINE=InnoDB AUTO_INCREMENT=101 DEFAULT CHARSET=utf8mb4 COLLATE=utf8mb4_0900_ai_ci;
/*!40101 SET character_set_client = @saved_cs_client */;

--
-- Dumping data for table `dokumen_survei`
--

LOCK TABLES `dokumen_survei` WRITE;
/*!40000 ALTER TABLE `dokumen_survei` DISABLE KEYS */;
INSERT INTO `dokumen_survei` VALUES (1,4,'350912000175',36,NULL,'Error',1,'2025-11-22','2026-01-21 11:12:59','2026-02-16 11:12:59'),(2,5,'350907000223',30,41,'Valid',0,'2025-12-23','2026-01-01 11:12:59','2026-02-16 11:12:59'),(3,7,'350914000187',34,NULL,'Uploaded',0,'2025-12-03','2026-01-16 11:12:59','2026-02-16 11:12:59'),(4,4,'350914000193',26,43,'Valid',1,'2025-11-21','2025-11-20 11:12:59','2026-02-16 11:12:59'),(5,8,'350904000299',40,49,'Sudah Entry',0,'2025-12-30','2026-01-22 11:12:59','2026-02-16 11:12:59'),(6,5,'350902000174',36,43,'Sudah Entry',0,'2025-12-30','2025-11-27 11:12:59','2026-02-16 11:12:59'),(7,7,'350901000157',27,41,'Valid',0,'2026-01-20','2026-01-12 11:12:59','2026-02-16 11:12:59'),(8,2,'350910000160',28,NULL,'Error',1,'2025-12-06','2026-01-24 11:12:59','2026-02-16 11:12:59'),(9,10,'350909000153',33,45,'Sudah Entry',0,'2026-01-15','2025-12-18 11:12:59','2026-02-16 11:12:59'),(10,5,'350910000152',20,NULL,'Error',1,'2026-02-02','2025-12-12 11:12:59','2026-02-16 11:12:59'),(11,11,'350905000314',26,42,'Valid',1,'2026-02-08','2026-01-16 11:12:59','2026-02-16 11:12:59'),(12,10,'350913000110',20,NULL,'Error',1,'2026-02-04','2026-02-02 11:12:59','2026-02-16 11:12:59'),(13,8,'350908000184',17,43,'Valid',0,'2026-02-13','2026-01-07 11:12:59','2026-02-16 11:12:59'),(14,1,'350902000370',27,NULL,'Uploaded',0,'2025-12-11','2026-02-07 11:12:59','2026-02-16 11:12:59'),(15,2,'350909000195',33,44,'Sudah Entry',0,'2025-12-23','2026-02-12 11:12:59','2026-02-16 11:12:59'),(16,1,'350905000347',21,NULL,'Uploaded',0,'2026-01-06','2025-12-26 11:12:59','2026-02-16 11:12:59'),(17,6,'350903000107',26,NULL,'Uploaded',0,'2026-01-22','2025-12-23 11:12:59','2026-02-16 11:12:59'),(18,7,'350901000182',29,50,'Sudah Entry',1,'2025-12-09','2026-01-17 11:12:59','2026-02-16 11:12:59'),(19,4,'350906000106',20,NULL,'Error',1,'2026-01-03','2026-01-05 11:12:59','2026-02-16 11:12:59'),(20,7,'350908000193',28,NULL,'Error',1,'2026-01-17','2026-01-07 11:12:59','2026-02-16 11:12:59'),(21,2,'350907000263',27,NULL,'Error',1,'2025-12-16','2026-02-08 11:12:59','2026-02-16 11:12:59'),(22,7,'350901000192',28,43,'Valid',0,'2026-02-01','2026-01-21 11:12:59','2026-02-16 11:12:59'),(23,11,'350905000318',34,18,'Valid',0,'2025-11-29','2025-12-31 11:12:59','2026-02-16 11:12:59'),(24,4,'350913000170',40,NULL,'Uploaded',0,'2025-11-30','2026-02-10 11:12:59','2026-02-16 11:12:59'),(25,11,'350912000175',27,42,'Valid',0,'2025-11-30','2026-01-25 11:12:59','2026-02-16 11:12:59'),(26,4,'350905000181',40,19,'Valid',0,'2025-12-09','2025-12-07 11:12:59','2026-02-16 11:12:59'),(27,11,'350908000149',20,43,'Sudah Entry',0,'2025-12-19','2026-01-30 11:12:59','2026-02-16 11:12:59'),(28,10,'350905000360',35,41,'Sudah Entry',0,'2026-01-06','2025-11-30 11:12:59','2026-02-16 11:12:59'),(29,5,'350908000108',35,NULL,'Uploaded',0,'2026-01-30','2025-12-14 11:12:59','2026-02-16 11:12:59'),(30,4,'350908000137',31,NULL,'Error',1,'2025-11-28','2025-11-18 11:12:59','2026-02-16 11:12:59'),(31,4,'350907000284',28,46,'Sudah Entry',0,'2025-12-23','2025-11-27 11:12:59','2026-02-16 11:12:59'),(32,11,'350901000160',33,42,'Sudah Entry',0,'2026-01-02','2026-01-30 11:12:59','2026-02-16 11:12:59'),(33,7,'350903000166',35,NULL,'Error',1,'2025-12-26','2026-01-07 11:12:59','2026-02-16 11:12:59'),(34,11,'350906000101',21,NULL,'Error',1,'2025-11-20','2025-12-21 11:12:59','2026-02-16 11:12:59'),(35,10,'350902000159',30,NULL,'Uploaded',0,'2025-12-14','2026-02-12 11:12:59','2026-02-16 11:12:59'),(36,10,'350901000265',35,NULL,'Uploaded',0,'2025-12-18','2026-01-12 11:12:59','2026-02-16 11:12:59'),(37,1,'350914000129',30,47,'Sudah Entry',0,'2025-12-14','2026-01-16 11:12:59','2026-02-16 11:12:59'),(38,10,'350907000119',26,NULL,'Uploaded',1,'2025-11-23','2025-12-10 11:12:59','2026-02-16 11:12:59'),(39,5,'350911000125',26,NULL,'Uploaded',0,'2026-02-11','2025-12-01 11:12:59','2026-02-16 11:12:59'),(40,8,'350902000177',33,NULL,'Error',1,'2025-12-22','2026-01-11 11:12:59','2026-02-16 11:12:59'),(41,10,'350910000168',36,18,'Sudah Entry',0,'2026-01-16','2026-02-06 11:12:59','2026-02-16 11:12:59'),(42,11,'350903000173',35,22,'Sudah Entry',0,'2026-02-15','2026-02-08 11:12:59','2026-02-16 11:12:59'),(43,7,'350903000138',38,46,'Sudah Entry',0,'2026-02-09','2025-12-03 11:12:59','2026-02-16 11:12:59'),(44,5,'350901000192',30,NULL,'Uploaded',0,'2026-01-27','2026-01-10 11:12:59','2026-02-16 11:12:59'),(45,1,'350911000171',21,18,'Sudah Entry',1,'2025-12-07','2026-01-21 11:12:59','2026-02-16 11:12:59'),(46,4,'350905000393',27,44,'Sudah Entry',0,'2026-01-24','2026-01-20 11:12:59','2026-02-16 11:12:59'),(47,1,'350909000190',30,43,'Sudah Entry',0,'2026-01-29','2026-01-31 11:12:59','2026-02-16 11:12:59'),(48,4,'350903000492',37,NULL,'Uploaded',0,'2026-01-13','2025-12-11 11:12:59','2026-02-16 11:12:59'),(49,7,'350901000231',35,41,'Sudah Entry',0,'2025-12-06','2026-01-17 11:12:59','2026-02-16 11:12:59'),(50,10,'350908000128',34,NULL,'Error',1,'2026-01-15','2025-11-28 11:12:59','2026-02-16 11:12:59'),(51,10,'350903000150',21,44,'Valid',0,'2025-12-25','2025-12-14 11:12:59','2026-02-16 11:12:59'),(52,9,'350914000120',39,45,'Sudah Entry',0,'2026-01-13','2026-02-14 11:12:59','2026-02-16 11:12:59'),(53,6,'350911000181',26,NULL,'Uploaded',1,'2026-01-28','2026-02-07 11:12:59','2026-02-16 11:12:59'),(54,10,'350908000163',26,47,'Sudah Entry',0,'2026-01-10','2026-01-18 11:12:59','2026-02-16 11:12:59'),(55,6,'350904000279',36,41,'Valid',0,'2026-01-09','2025-11-23 11:12:59','2026-02-16 11:12:59'),(56,5,'350915000156',31,18,'Valid',0,'2026-02-11','2025-12-13 11:12:59','2026-02-16 11:12:59'),(57,4,'350907000200',34,43,'Sudah Entry',0,'2025-12-14','2026-01-21 11:12:59','2026-02-16 11:12:59'),(58,6,'350901000282',30,48,'Sudah Entry',0,'2026-01-10','2026-02-06 11:12:59','2026-02-16 11:12:59'),(59,6,'350911000124',34,NULL,'Uploaded',0,'2025-11-26','2025-11-25 11:12:59','2026-02-16 11:12:59'),(60,8,'350913000127',38,47,'Sudah Entry',0,'2025-12-10','2026-02-14 11:12:59','2026-02-16 11:12:59'),(61,8,'350915000197',35,NULL,'Error',1,'2026-01-10','2025-12-31 11:12:59','2026-02-16 11:12:59'),(62,11,'350910000176',31,NULL,'Error',1,'2026-01-24','2026-02-06 11:12:59','2026-02-16 11:12:59'),(63,5,'350915000100',31,19,'Valid',0,'2026-01-14','2026-01-16 11:12:59','2026-02-16 11:12:59'),(64,10,'350901000132',17,NULL,'Uploaded',0,'2026-02-06','2025-12-30 11:12:59','2026-02-16 11:12:59'),(65,5,'350905000316',32,NULL,'Error',1,'2026-01-05','2025-11-21 11:12:59','2026-02-16 11:12:59'),(66,7,'350901000104',35,44,'Sudah Entry',0,'2026-01-04','2025-11-20 11:12:59','2026-02-16 11:12:59'),(67,4,'350907000234',29,NULL,'Error',1,'2026-01-12','2026-01-21 11:12:59','2026-02-16 11:12:59'),(68,11,'350913000140',21,NULL,'Uploaded',0,'2025-12-21','2026-01-18 11:12:59','2026-02-16 11:12:59'),(69,10,'350914000191',17,41,'Sudah Entry',0,'2025-12-17','2025-12-02 11:12:59','2026-02-16 11:12:59'),(70,8,'350913000129',20,NULL,'Error',1,'2026-01-21','2025-12-31 11:12:59','2026-02-16 11:12:59'),(71,2,'350903000437',31,48,'Sudah Entry',0,'2025-12-14','2026-01-21 11:12:59','2026-02-16 11:12:59'),(72,4,'350901000240',37,42,'Sudah Entry',0,'2025-12-25','2026-01-04 11:12:59','2026-02-16 11:12:59'),(73,1,'350902000106',37,43,'Sudah Entry',0,'2026-02-02','2025-11-28 11:12:59','2026-02-16 11:12:59'),(74,8,'350905000180',36,NULL,'Error',1,'2025-12-13','2026-01-10 11:12:59','2026-02-16 11:12:59'),(75,8,'350905000107',36,48,'Valid',0,'2026-01-31','2025-11-25 11:12:59','2026-02-16 11:12:59'),(76,10,'350908000121',21,NULL,'Error',1,'2026-02-04','2025-11-27 11:12:59','2026-02-16 11:12:59'),(77,6,'350907000190',35,NULL,'Error',1,'2026-01-07','2025-11-26 11:12:59','2026-02-16 11:12:59'),(78,6,'350902000379',26,NULL,'Error',1,'2025-12-13','2025-12-22 11:12:59','2026-02-16 11:12:59'),(79,6,'350915000147',29,NULL,'Uploaded',0,'2026-01-07','2025-12-07 11:12:59','2026-02-16 11:12:59'),(80,7,'350905000312',40,46,'Valid',1,'2025-12-16','2025-12-22 11:12:59','2026-02-16 11:12:59'),(81,2,'350901000223',31,47,'Valid',0,'2026-02-14','2025-11-28 11:12:59','2026-02-16 11:12:59'),(82,4,'350902000399',28,43,'Sudah Entry',0,'2026-01-05','2025-12-12 11:12:59','2026-02-16 11:12:59'),(83,11,'350915000145',27,NULL,'Error',1,'2025-12-03','2025-12-12 11:12:59','2026-02-16 11:12:59'),(84,11,'350911000135',17,46,'Sudah Entry',0,'2026-01-26','2026-02-02 11:12:59','2026-02-16 11:12:59'),(85,11,'350909000152',21,50,'Sudah Entry',0,'2026-01-17','2025-12-01 11:12:59','2026-02-16 11:12:59'),(86,4,'350914000173',33,22,'Sudah Entry',0,'2025-11-22','2026-01-15 11:12:59','2026-02-16 11:12:59'),(87,4,'350905000336',33,43,'Valid',0,'2026-02-07','2026-01-18 11:12:59','2026-02-16 11:12:59'),(88,10,'350906000167',21,50,'Valid',0,'2026-02-01','2026-02-02 11:12:59','2026-02-16 11:12:59'),(89,11,'350904000244',32,43,'Valid',0,'2025-12-14','2025-12-12 11:12:59','2026-02-16 11:12:59'),(90,10,'350911000114',31,NULL,'Uploaded',0,'2026-01-30','2026-01-06 11:12:59','2026-02-16 11:12:59'),(91,8,'350901000124',33,47,'Sudah Entry',0,'2026-01-19','2026-02-10 11:12:59','2026-02-16 11:12:59'),(92,11,'350902000153',17,45,'Sudah Entry',0,'2026-01-31','2025-12-05 11:12:59','2026-02-16 11:12:59'),(93,11,'350915000133',33,46,'Sudah Entry',1,'2026-01-23','2026-01-22 11:12:59','2026-02-16 11:12:59'),(94,1,'350906000137',38,18,'Sudah Entry',1,'2026-02-02','2025-12-09 11:12:59','2026-02-16 11:12:59'),(95,4,'350902000381',30,47,'Valid',0,'2026-02-03','2026-01-18 11:12:59','2026-02-16 11:12:59'),(96,2,'350901000102',34,43,'Sudah Entry',0,'2025-12-15','2025-12-10 11:12:59','2026-02-16 11:12:59'),(97,11,'350910000169',29,NULL,'Uploaded',0,'2026-02-08','2026-01-06 11:12:59','2026-02-16 11:12:59'),(98,4,'350911000190',40,42,'Valid',0,'2025-11-26','2025-12-28 11:12:59','2026-02-16 11:12:59'),(99,2,'350907000293',34,NULL,'Error',1,'2026-01-10','2025-12-04 11:12:59','2026-02-16 11:12:59'),(100,6,'350906000149',33,43,'Valid',1,'2025-12-05','2026-01-16 11:12:59','2026-02-16 11:12:59');
/*!40000 ALTER TABLE `dokumen_survei` ENABLE KEYS */;
UNLOCK TABLES;

--
-- Table structure for table `kartu_kendali`
--

DROP TABLE IF EXISTS `kartu_kendali`;
/*!40101 SET @saved_cs_client     = @@character_set_client */;
/*!50503 SET character_set_client = utf8mb4 */;
CREATE TABLE `kartu_kendali` (
  `id` int unsigned NOT NULL AUTO_INCREMENT,
  `nks` varchar(10) CHARACTER SET utf8mb4 COLLATE utf8mb4_general_ci NOT NULL,
  `no_ruta` tinyint unsigned NOT NULL,
  `user_id` int NOT NULL,
  `status_entry` enum('Clean','Error') NOT NULL,
  `is_patch_issue` tinyint(1) NOT NULL DEFAULT '0',
  `tgl_entry` date NOT NULL,
  `created_at` datetime DEFAULT NULL,
  `updated_at` datetime DEFAULT NULL,
  PRIMARY KEY (`id`),
  UNIQUE KEY `unique_nks_ruta` (`nks`,`no_ruta`)
) ENGINE=InnoDB AUTO_INCREMENT=388 DEFAULT CHARSET=utf8mb4 COLLATE=utf8mb4_0900_ai_ci;
/*!40101 SET character_set_client = @saved_cs_client */;

--
-- Dumping data for table `kartu_kendali`
--

LOCK TABLES `kartu_kendali` WRITE;
/*!40000 ALTER TABLE `kartu_kendali` DISABLE KEYS */;
INSERT INTO `kartu_kendali` VALUES (1,'00051',1,19,'Clean',0,'2026-01-09','2026-02-15 18:12:59','2026-02-16 18:12:59'),(2,'00051',2,42,'Error',1,'2026-02-01','2026-02-02 18:12:59','2026-02-16 18:12:59'),(3,'00051',3,22,'Clean',0,'2026-02-08','2026-01-26 18:12:59','2026-02-16 18:12:59'),(4,'00051',4,44,'Clean',0,'2026-02-06','2026-01-22 18:12:59','2026-02-16 18:12:59'),(5,'00051',5,41,'Clean',0,'2026-02-01','2026-02-10 18:12:59','2026-02-16 18:12:59'),(6,'00051',6,47,'Clean',0,'2026-02-14','2026-01-08 18:12:59','2026-02-16 18:12:59'),(7,'00051',7,46,'Error',0,'2026-01-04','2026-01-24 18:12:59','2026-02-16 18:12:59'),(8,'00051',8,19,'Clean',0,'2026-01-09','2026-02-08 18:12:59','2026-02-16 18:12:59'),(9,'00051',9,42,'Error',0,'2026-02-07','2026-01-26 18:12:59','2026-02-16 18:12:59'),(10,'00051',10,46,'Clean',0,'2026-01-30','2026-01-30 18:12:59','2026-02-16 18:12:59'),(11,'00110',1,22,'Clean',0,'2026-02-12','2026-01-22 18:12:59','2026-02-16 18:12:59'),(12,'00110',2,48,'Clean',0,'2026-02-06','2026-02-06 18:12:59','2026-02-16 18:12:59'),(13,'00110',3,46,'Error',1,'2026-01-29','2026-01-10 18:12:59','2026-02-16 18:12:59'),(14,'00110',4,41,'Error',0,'2026-01-18','2026-01-06 18:12:59','2026-02-16 18:12:59'),(15,'00110',5,18,'Error',0,'2026-01-29','2026-01-26 18:12:59','2026-02-16 18:12:59'),(16,'00110',6,42,'Clean',0,'2026-01-22','2026-02-15 18:12:59','2026-02-16 18:12:59'),(17,'00110',7,19,'Clean',0,'2026-02-09','2026-01-10 18:12:59','2026-02-16 18:12:59'),(18,'00110',8,47,'Clean',0,'2026-01-11','2026-01-07 18:12:59','2026-02-16 18:12:59'),(19,'00110',9,50,'Clean',0,'2026-02-12','2026-02-14 18:12:59','2026-02-16 18:12:59'),(20,'00110',10,18,'Clean',0,'2026-01-29','2026-01-12 18:12:59','2026-02-16 18:12:59'),(21,'00203',1,22,'Clean',0,'2026-02-14','2026-01-17 18:12:59','2026-02-16 18:12:59'),(22,'00203',2,18,'Clean',0,'2026-01-27','2026-01-21 18:12:59','2026-02-16 18:12:59'),(23,'00203',3,48,'Clean',0,'2026-02-09','2026-01-11 18:12:59','2026-02-16 18:12:59'),(24,'00203',4,48,'Clean',0,'2026-02-12','2026-01-13 18:12:59','2026-02-16 18:12:59'),(25,'00203',5,19,'Clean',0,'2026-02-12','2026-02-02 18:12:59','2026-02-16 18:12:59'),(26,'00363',1,22,'Clean',0,'2026-01-05','2026-02-10 18:12:59','2026-02-16 18:12:59'),(27,'00363',2,18,'Error',0,'2026-01-09','2026-02-03 18:12:59','2026-02-16 18:12:59'),(28,'00363',3,48,'Clean',0,'2026-02-06','2026-02-12 18:12:59','2026-02-16 18:12:59'),(29,'00363',4,49,'Error',0,'2026-01-07','2026-01-02 18:12:59','2026-02-16 18:12:59'),(30,'00363',5,45,'Clean',0,'2026-01-16','2026-01-28 18:12:59','2026-02-16 18:12:59'),(31,'00363',6,41,'Clean',0,'2026-01-23','2026-02-03 18:12:59','2026-02-16 18:12:59'),(32,'00363',7,48,'Clean',0,'2026-02-04','2026-01-19 18:12:59','2026-02-16 18:12:59'),(33,'00363',8,47,'Clean',0,'2026-01-22','2026-01-05 18:12:59','2026-02-16 18:12:59'),(34,'00489',1,45,'Clean',0,'2026-02-15','2026-02-06 18:12:59','2026-02-16 18:12:59'),(35,'00489',2,45,'Error',1,'2026-01-28','2026-01-22 18:12:59','2026-02-16 18:12:59'),(36,'00489',3,49,'Error',0,'2026-01-10','2026-01-13 18:12:59','2026-02-16 18:12:59'),(37,'00489',4,45,'Clean',0,'2026-01-26','2026-01-12 18:12:59','2026-02-16 18:12:59'),(38,'00489',5,50,'Clean',0,'2026-01-15','2026-02-13 18:12:59','2026-02-16 18:12:59'),(39,'00489',6,45,'Error',0,'2026-02-13','2026-01-22 18:12:59','2026-02-16 18:12:59'),(40,'00557',1,48,'Error',0,'2026-01-19','2026-01-14 18:12:59','2026-02-16 18:12:59'),(41,'00557',2,44,'Clean',0,'2026-02-02','2026-01-15 18:12:59','2026-02-16 18:12:59'),(42,'00557',3,18,'Clean',0,'2026-02-07','2026-01-20 18:12:59','2026-02-16 18:12:59'),(43,'00557',4,46,'Error',0,'2026-02-02','2026-02-09 18:12:59','2026-02-16 18:12:59'),(44,'00557',5,22,'Clean',0,'2026-02-15','2026-01-21 18:12:59','2026-02-16 18:12:59'),(45,'00557',6,18,'Clean',0,'2026-01-25','2026-01-27 18:12:59','2026-02-16 18:12:59'),(46,'00557',7,49,'Clean',0,'2026-02-10','2026-02-15 18:12:59','2026-02-16 18:12:59'),(47,'00557',8,22,'Clean',0,'2026-01-24','2026-02-05 18:12:59','2026-02-16 18:12:59'),(48,'00557',9,45,'Error',0,'2026-01-11','2026-01-19 18:12:59','2026-02-16 18:12:59'),(49,'00677',1,48,'Clean',0,'2026-01-25','2026-01-23 18:12:59','2026-02-16 18:12:59'),(50,'00677',2,43,'Error',0,'2026-01-25','2026-01-23 18:12:59','2026-02-16 18:12:59'),(51,'00677',3,43,'Error',0,'2026-01-28','2026-01-20 18:12:59','2026-02-16 18:12:59'),(52,'00677',4,45,'Error',0,'2026-01-05','2026-01-19 18:12:59','2026-02-16 18:12:59'),(53,'00677',5,19,'Clean',0,'2026-01-12','2026-02-11 18:12:59','2026-02-16 18:12:59'),(54,'00677',6,42,'Error',0,'2026-01-10','2026-01-23 18:12:59','2026-02-16 18:12:59'),(55,'00677',7,42,'Error',0,'2026-01-09','2026-02-06 18:12:59','2026-02-16 18:12:59'),(56,'00767',1,18,'Clean',0,'2026-02-14','2026-01-24 18:12:59','2026-02-16 18:12:59'),(57,'00767',2,22,'Error',0,'2026-01-17','2026-01-30 18:12:59','2026-02-16 18:12:59'),(58,'00767',3,50,'Error',0,'2026-01-25','2026-01-31 18:12:59','2026-02-16 18:12:59'),(59,'00767',4,42,'Error',0,'2026-02-15','2026-01-24 18:12:59','2026-02-16 18:12:59'),(60,'00767',5,18,'Clean',0,'2026-01-21','2026-01-14 18:12:59','2026-02-16 18:12:59'),(61,'00767',6,22,'Clean',0,'2026-02-09','2026-02-14 18:12:59','2026-02-16 18:12:59'),(62,'00767',7,46,'Clean',0,'2026-01-21','2026-01-05 18:12:59','2026-02-16 18:12:59'),(63,'00857',1,46,'Clean',0,'2026-01-20','2026-01-15 18:12:59','2026-02-16 18:12:59'),(64,'00857',2,44,'Clean',0,'2026-01-10','2026-02-10 18:12:59','2026-02-16 18:12:59'),(65,'00857',3,48,'Clean',0,'2026-02-02','2026-01-06 18:12:59','2026-02-16 18:12:59'),(66,'00857',4,46,'Error',0,'2026-02-11','2026-01-26 18:12:59','2026-02-16 18:12:59'),(67,'00857',5,50,'Clean',0,'2026-01-18','2026-02-14 18:12:59','2026-02-16 18:12:59'),(68,'00857',6,41,'Error',0,'2026-01-19','2026-01-06 18:12:59','2026-02-16 18:12:59'),(69,'00857',7,44,'Error',1,'2026-01-13','2026-01-10 18:12:59','2026-02-16 18:12:59'),(70,'00857',8,44,'Clean',0,'2026-01-07','2026-01-29 18:12:59','2026-02-16 18:12:59'),(71,'00857',9,46,'Clean',0,'2026-02-15','2026-01-15 18:12:59','2026-02-16 18:12:59'),(72,'00968',1,44,'Error',1,'2026-01-10','2026-01-06 18:12:59','2026-02-16 18:12:59'),(73,'00968',2,18,'Clean',0,'2026-01-05','2026-02-08 18:12:59','2026-02-16 18:12:59'),(74,'00968',3,19,'Error',0,'2026-01-02','2026-01-05 18:12:59','2026-02-16 18:12:59'),(75,'00968',4,47,'Error',1,'2026-02-04','2026-02-08 18:12:59','2026-02-16 18:12:59'),(76,'00968',5,46,'Error',1,'2026-02-11','2026-01-19 18:12:59','2026-02-16 18:12:59'),(77,'00968',6,46,'Error',0,'2026-01-06','2026-01-26 18:12:59','2026-02-16 18:12:59'),(78,'00968',7,46,'Clean',0,'2026-02-05','2026-02-09 18:12:59','2026-02-16 18:12:59'),(79,'00968',8,19,'Clean',0,'2026-01-14','2026-01-02 18:12:59','2026-02-16 18:12:59'),(80,'00968',9,22,'Error',0,'2026-02-06','2026-02-14 18:12:59','2026-02-16 18:12:59'),(81,'01086',1,47,'Error',1,'2026-02-15','2026-01-24 18:12:59','2026-02-16 18:12:59'),(82,'01086',2,45,'Error',0,'2026-01-18','2026-01-23 18:12:59','2026-02-16 18:12:59'),(83,'01086',3,19,'Clean',0,'2026-01-26','2026-01-29 18:12:59','2026-02-16 18:12:59'),(84,'01086',4,46,'Error',0,'2026-01-27','2026-01-04 18:12:59','2026-02-16 18:12:59'),(85,'01086',5,41,'Error',1,'2026-02-10','2026-02-04 18:12:59','2026-02-16 18:12:59'),(86,'01086',6,19,'Clean',0,'2026-01-20','2026-01-04 18:12:59','2026-02-16 18:12:59'),(87,'01086',7,41,'Error',1,'2026-01-02','2026-02-13 18:12:59','2026-02-16 18:12:59'),(88,'01166',1,22,'Clean',0,'2026-01-23','2026-01-31 18:12:59','2026-02-16 18:12:59'),(89,'01166',2,44,'Clean',0,'2026-02-08','2026-01-25 18:12:59','2026-02-16 18:12:59'),(90,'01166',3,45,'Error',0,'2026-01-13','2026-01-27 18:12:59','2026-02-16 18:12:59'),(91,'01166',4,44,'Clean',0,'2026-01-20','2026-02-02 18:12:59','2026-02-16 18:12:59'),(92,'01166',5,50,'Clean',0,'2026-01-21','2026-02-07 18:12:59','2026-02-16 18:12:59'),(93,'01166',6,22,'Error',1,'2026-01-13','2026-01-03 18:12:59','2026-02-16 18:12:59'),(94,'01204',1,22,'Clean',0,'2026-02-04','2026-02-08 18:12:59','2026-02-16 18:12:59'),(95,'01204',2,48,'Clean',0,'2026-01-03','2026-02-13 18:12:59','2026-02-16 18:12:59'),(96,'01204',3,44,'Error',1,'2026-01-27','2026-02-10 18:12:59','2026-02-16 18:12:59'),(97,'01204',4,44,'Error',1,'2026-01-08','2026-02-01 18:12:59','2026-02-16 18:12:59'),(98,'01204',5,22,'Clean',0,'2026-01-17','2026-01-08 18:12:59','2026-02-16 18:12:59'),(99,'01204',6,41,'Clean',0,'2026-01-09','2026-01-13 18:12:59','2026-02-16 18:12:59'),(100,'01340',1,45,'Clean',0,'2026-01-05','2026-02-01 18:12:59','2026-02-16 18:12:59'),(101,'01340',2,18,'Error',0,'2026-01-12','2026-01-04 18:12:59','2026-02-16 18:12:59'),(102,'01340',3,43,'Error',0,'2026-01-29','2026-01-06 18:12:59','2026-02-16 18:12:59'),(103,'01340',4,22,'Error',1,'2026-01-30','2026-02-11 18:12:59','2026-02-16 18:12:59'),(104,'01340',5,43,'Clean',0,'2026-01-15','2026-02-10 18:12:59','2026-02-16 18:12:59'),(105,'01443',1,42,'Clean',0,'2026-01-12','2026-01-21 18:12:59','2026-02-16 18:12:59'),(106,'01443',2,45,'Clean',0,'2026-01-17','2026-01-06 18:12:59','2026-02-16 18:12:59'),(107,'01443',3,22,'Clean',0,'2026-02-01','2026-01-19 18:12:59','2026-02-16 18:12:59'),(108,'01443',4,45,'Clean',0,'2026-02-04','2026-01-10 18:12:59','2026-02-16 18:12:59'),(109,'01443',5,47,'Clean',0,'2026-02-03','2026-02-08 18:12:59','2026-02-16 18:12:59'),(110,'01443',6,43,'Clean',0,'2026-01-08','2026-01-14 18:12:59','2026-02-16 18:12:59'),(111,'01443',7,48,'Error',1,'2026-01-22','2026-02-13 18:12:59','2026-02-16 18:12:59'),(112,'01532',1,44,'Clean',0,'2026-01-29','2026-02-05 18:12:59','2026-02-16 18:12:59'),(113,'01532',2,18,'Clean',0,'2026-01-06','2026-01-17 18:12:59','2026-02-16 18:12:59'),(114,'01532',3,45,'Error',1,'2026-01-16','2026-01-18 18:12:59','2026-02-16 18:12:59'),(115,'01532',4,49,'Clean',0,'2026-01-12','2026-01-30 18:12:59','2026-02-16 18:12:59'),(116,'01532',5,46,'Error',0,'2026-01-31','2026-01-18 18:12:59','2026-02-16 18:12:59'),(117,'01532',6,46,'Clean',0,'2026-02-11','2026-01-30 18:12:59','2026-02-16 18:12:59'),(118,'01532',7,47,'Error',1,'2026-02-06','2026-02-13 18:12:59','2026-02-16 18:12:59'),(119,'01532',8,48,'Error',1,'2026-02-12','2026-02-02 18:12:59','2026-02-16 18:12:59'),(120,'01642',1,43,'Clean',0,'2026-01-16','2026-01-16 18:12:59','2026-02-16 18:12:59'),(121,'01642',2,19,'Error',1,'2026-01-26','2026-01-24 18:12:59','2026-02-16 18:12:59'),(122,'01642',3,44,'Clean',0,'2026-02-06','2026-02-10 18:12:59','2026-02-16 18:12:59'),(123,'01642',4,18,'Error',0,'2026-01-31','2026-02-05 18:12:59','2026-02-16 18:12:59'),(124,'01642',5,44,'Error',0,'2026-01-13','2026-01-13 18:12:59','2026-02-16 18:12:59'),(125,'01797',1,45,'Clean',0,'2026-01-31','2026-01-06 18:12:59','2026-02-16 18:12:59'),(126,'01797',2,49,'Error',0,'2026-01-13','2026-02-01 18:12:59','2026-02-16 18:12:59'),(127,'01797',3,47,'Clean',0,'2026-02-08','2026-01-27 18:12:59','2026-02-16 18:12:59'),(128,'01797',4,41,'Error',0,'2026-01-04','2026-01-04 18:12:59','2026-02-16 18:12:59'),(129,'01797',5,43,'Error',0,'2026-01-27','2026-01-18 18:12:59','2026-02-16 18:12:59'),(130,'01797',6,41,'Error',1,'2026-01-29','2026-01-29 18:12:59','2026-02-16 18:12:59'),(131,'01797',7,47,'Clean',0,'2026-01-28','2026-02-11 18:12:59','2026-02-16 18:12:59'),(132,'01797',8,47,'Error',0,'2026-01-31','2026-01-23 18:12:59','2026-02-16 18:12:59'),(133,'01797',9,19,'Error',0,'2026-01-18','2026-01-31 18:12:59','2026-02-16 18:12:59'),(134,'01821',1,50,'Error',0,'2026-01-07','2026-02-04 18:12:59','2026-02-16 18:12:59'),(135,'01821',2,49,'Clean',0,'2026-01-09','2026-01-24 18:12:59','2026-02-16 18:12:59'),(136,'01821',3,19,'Clean',0,'2026-02-15','2026-01-05 18:12:59','2026-02-16 18:12:59'),(137,'01821',4,49,'Error',0,'2026-02-12','2026-02-10 18:12:59','2026-02-16 18:12:59'),(138,'01821',5,47,'Error',0,'2026-02-08','2026-01-13 18:12:59','2026-02-16 18:12:59'),(139,'01821',6,43,'Clean',0,'2026-01-16','2026-02-03 18:12:59','2026-02-16 18:12:59'),(140,'01821',7,50,'Clean',0,'2026-02-01','2026-01-06 18:12:59','2026-02-16 18:12:59'),(141,'01945',1,50,'Clean',0,'2026-01-08','2026-02-09 18:12:59','2026-02-16 18:12:59'),(142,'01945',2,50,'Clean',0,'2026-01-13','2026-02-13 18:12:59','2026-02-16 18:12:59'),(143,'01945',3,41,'Error',1,'2026-01-04','2026-01-08 18:12:59','2026-02-16 18:12:59'),(144,'01945',4,47,'Error',1,'2026-01-12','2026-01-14 18:12:59','2026-02-16 18:12:59'),(145,'01945',5,45,'Clean',0,'2026-01-04','2026-01-20 18:12:59','2026-02-16 18:12:59'),(146,'01945',6,42,'Error',1,'2026-01-22','2026-01-17 18:12:59','2026-02-16 18:12:59'),(147,'02021',1,43,'Clean',0,'2026-01-26','2026-02-05 18:12:59','2026-02-16 18:12:59'),(148,'02021',2,50,'Error',1,'2026-01-23','2026-01-30 18:12:59','2026-02-16 18:12:59'),(149,'02021',3,22,'Error',1,'2026-01-31','2026-02-01 18:12:59','2026-02-16 18:12:59'),(150,'02021',4,44,'Clean',0,'2026-01-14','2026-01-12 18:12:59','2026-02-16 18:12:59'),(151,'02021',5,18,'Error',0,'2026-02-13','2026-01-26 18:12:59','2026-02-16 18:12:59'),(152,'02021',6,19,'Error',0,'2026-01-02','2026-01-15 18:12:59','2026-02-16 18:12:59'),(153,'02021',7,41,'Error',0,'2026-01-09','2026-01-18 18:12:59','2026-02-16 18:12:59'),(154,'02021',8,41,'Clean',0,'2026-01-19','2026-02-02 18:12:59','2026-02-16 18:12:59'),(155,'02159',1,44,'Clean',0,'2026-01-25','2026-02-01 18:12:59','2026-02-16 18:12:59'),(156,'02159',2,43,'Error',0,'2026-01-17','2026-01-19 18:12:59','2026-02-16 18:12:59'),(157,'02159',3,47,'Clean',0,'2026-01-06','2026-01-30 18:12:59','2026-02-16 18:12:59'),(158,'02159',4,41,'Error',0,'2026-02-05','2026-02-04 18:12:59','2026-02-16 18:12:59'),(159,'02159',5,50,'Error',0,'2026-01-20','2026-02-08 18:12:59','2026-02-16 18:12:59'),(160,'02159',6,45,'Clean',0,'2026-01-26','2026-01-19 18:12:59','2026-02-16 18:12:59'),(161,'02159',7,18,'Clean',0,'2026-01-29','2026-02-04 18:12:59','2026-02-16 18:12:59'),(162,'02159',8,44,'Error',0,'2026-01-03','2026-01-07 18:12:59','2026-02-16 18:12:59'),(163,'02159',9,49,'Error',1,'2026-02-12','2026-01-06 18:12:59','2026-02-16 18:12:59'),(164,'02159',10,41,'Clean',0,'2026-02-04','2026-01-02 18:12:59','2026-02-16 18:12:59'),(165,'02218',1,42,'Error',0,'2026-01-20','2026-01-19 18:12:59','2026-02-16 18:12:59'),(166,'02218',2,43,'Error',0,'2026-01-16','2026-02-07 18:12:59','2026-02-16 18:12:59'),(167,'02218',3,47,'Clean',0,'2026-01-26','2026-01-22 18:12:59','2026-02-16 18:12:59'),(168,'02218',4,45,'Clean',0,'2026-02-12','2026-01-09 18:12:59','2026-02-16 18:12:59'),(169,'02218',5,22,'Clean',0,'2026-02-11','2026-02-15 18:12:59','2026-02-16 18:12:59'),(170,'02303',1,44,'Clean',0,'2026-01-29','2026-02-05 18:12:59','2026-02-16 18:12:59'),(171,'02303',2,45,'Clean',0,'2026-01-10','2026-01-07 18:12:59','2026-02-16 18:12:59'),(172,'02303',3,49,'Clean',0,'2026-02-02','2026-01-20 18:12:59','2026-02-16 18:12:59'),(173,'02303',4,46,'Error',0,'2026-01-25','2026-01-30 18:12:59','2026-02-16 18:12:59'),(174,'02303',5,42,'Error',0,'2026-01-29','2026-01-15 18:12:59','2026-02-16 18:12:59'),(175,'02303',6,22,'Error',0,'2026-01-27','2026-01-22 18:12:59','2026-02-16 18:12:59'),(176,'02303',7,19,'Error',0,'2026-02-06','2026-01-21 18:12:59','2026-02-16 18:12:59'),(177,'02424',1,49,'Clean',0,'2026-01-12','2026-01-03 18:12:59','2026-02-16 18:12:59'),(178,'02424',2,48,'Clean',0,'2026-02-12','2026-01-11 18:12:59','2026-02-16 18:12:59'),(179,'02424',3,44,'Clean',0,'2026-01-27','2026-01-18 18:12:59','2026-02-16 18:12:59'),(180,'02424',4,19,'Error',0,'2026-01-24','2026-02-02 18:12:59','2026-02-16 18:12:59'),(181,'02424',5,42,'Error',0,'2026-02-06','2026-01-24 18:12:59','2026-02-16 18:12:59'),(182,'02424',6,50,'Clean',0,'2026-02-15','2026-01-13 18:12:59','2026-02-16 18:12:59'),(183,'02424',7,42,'Clean',0,'2026-01-06','2026-01-28 18:12:59','2026-02-16 18:12:59'),(184,'02568',1,43,'Clean',0,'2026-01-22','2026-01-22 18:12:59','2026-02-16 18:12:59'),(185,'02568',2,47,'Clean',0,'2026-02-11','2026-02-15 18:12:59','2026-02-16 18:12:59'),(186,'02568',3,48,'Error',0,'2026-01-23','2026-01-13 18:12:59','2026-02-16 18:12:59'),(187,'02568',4,48,'Clean',0,'2026-02-11','2026-02-08 18:12:59','2026-02-16 18:12:59'),(188,'02568',5,48,'Clean',0,'2026-02-10','2026-01-14 18:12:59','2026-02-16 18:12:59'),(189,'02568',6,44,'Clean',0,'2026-01-30','2026-01-18 18:12:59','2026-02-16 18:12:59'),(190,'02568',7,44,'Clean',0,'2026-02-14','2026-01-04 18:12:59','2026-02-16 18:12:59'),(191,'02568',8,42,'Clean',0,'2026-01-27','2026-02-15 18:12:59','2026-02-16 18:12:59'),(192,'02568',9,18,'Error',1,'2026-01-20','2026-02-09 18:12:59','2026-02-16 18:12:59'),(193,'02568',10,49,'Error',0,'2026-01-17','2026-01-31 18:12:59','2026-02-16 18:12:59'),(194,'02616',1,41,'Error',0,'2026-01-13','2026-01-21 18:12:59','2026-02-16 18:12:59'),(195,'02616',2,46,'Clean',0,'2026-01-11','2026-02-14 18:12:59','2026-02-16 18:12:59'),(196,'02616',3,49,'Clean',0,'2026-01-24','2026-01-05 18:12:59','2026-02-16 18:12:59'),(197,'02616',4,18,'Error',0,'2026-02-11','2026-01-27 18:12:59','2026-02-16 18:12:59'),(198,'02616',5,47,'Error',1,'2026-01-30','2026-01-23 18:12:59','2026-02-16 18:12:59'),(199,'02616',6,44,'Error',0,'2026-01-27','2026-02-15 18:12:59','2026-02-16 18:12:59'),(200,'02616',7,41,'Clean',0,'2026-01-07','2026-02-04 18:12:59','2026-02-16 18:12:59'),(201,'02616',8,46,'Error',0,'2026-01-31','2026-01-13 18:12:59','2026-02-16 18:12:59'),(202,'02616',9,46,'Error',0,'2026-01-31','2026-02-08 18:12:59','2026-02-16 18:12:59'),(203,'02616',10,43,'Error',0,'2026-01-29','2026-01-21 18:12:59','2026-02-16 18:12:59'),(204,'02744',1,48,'Clean',0,'2026-01-09','2026-01-29 18:12:59','2026-02-16 18:12:59'),(205,'02744',2,43,'Clean',0,'2026-01-22','2026-01-17 18:12:59','2026-02-16 18:12:59'),(206,'02744',3,49,'Clean',0,'2026-02-15','2026-02-12 18:12:59','2026-02-16 18:12:59'),(207,'02744',4,44,'Clean',0,'2026-01-07','2026-01-06 18:12:59','2026-02-16 18:12:59'),(208,'02744',5,19,'Clean',0,'2026-02-13','2026-02-06 18:12:59','2026-02-16 18:12:59'),(209,'02744',6,18,'Error',0,'2026-02-04','2026-01-26 18:12:59','2026-02-16 18:12:59'),(210,'02744',7,45,'Clean',0,'2026-02-15','2026-01-24 18:12:59','2026-02-16 18:12:59'),(211,'02744',8,44,'Error',0,'2026-02-15','2026-01-10 18:12:59','2026-02-16 18:12:59'),(212,'02842',1,50,'Error',0,'2026-01-02','2026-02-02 18:12:59','2026-02-16 18:12:59'),(213,'02842',2,46,'Clean',0,'2026-02-15','2026-01-20 18:12:59','2026-02-16 18:12:59'),(214,'02842',3,49,'Clean',0,'2026-02-09','2026-01-11 18:12:59','2026-02-16 18:12:59'),(215,'02842',4,44,'Error',0,'2026-01-07','2026-02-06 18:12:59','2026-02-16 18:12:59'),(216,'02842',5,47,'Clean',0,'2026-02-15','2026-01-09 18:12:59','2026-02-16 18:12:59'),(217,'02842',6,47,'Error',0,'2026-01-30','2026-01-31 18:12:59','2026-02-16 18:12:59'),(218,'02944',1,42,'Error',1,'2026-01-30','2026-02-05 18:12:59','2026-02-16 18:12:59'),(219,'02944',2,49,'Error',0,'2026-02-14','2026-01-23 18:12:59','2026-02-16 18:12:59'),(220,'02944',3,42,'Clean',0,'2026-01-11','2026-01-12 18:12:59','2026-02-16 18:12:59'),(221,'02944',4,50,'Clean',0,'2026-02-03','2026-02-10 18:12:59','2026-02-16 18:12:59'),(222,'02944',5,49,'Error',0,'2026-01-05','2026-01-24 18:12:59','2026-02-16 18:12:59'),(223,'03051',1,47,'Error',0,'2026-01-13','2026-01-15 18:12:59','2026-02-16 18:12:59'),(224,'03051',2,47,'Clean',0,'2026-02-05','2026-02-01 18:12:59','2026-02-16 18:12:59'),(225,'03051',3,41,'Clean',0,'2026-01-15','2026-01-05 18:12:59','2026-02-16 18:12:59'),(226,'03051',4,19,'Clean',0,'2026-01-22','2026-01-16 18:12:59','2026-02-16 18:12:59'),(227,'03051',5,45,'Error',0,'2026-01-11','2026-02-04 18:12:59','2026-02-16 18:12:59'),(228,'03051',6,45,'Error',0,'2026-01-09','2026-01-14 18:12:59','2026-02-16 18:12:59'),(229,'03051',7,48,'Clean',0,'2026-02-14','2026-01-08 18:12:59','2026-02-16 18:12:59'),(230,'03141',1,46,'Error',0,'2026-01-15','2026-02-02 18:12:59','2026-02-16 18:12:59'),(231,'03141',2,18,'Error',1,'2026-02-06','2026-01-22 18:12:59','2026-02-16 18:12:59'),(232,'03141',3,50,'Clean',0,'2026-01-24','2026-01-20 18:12:59','2026-02-16 18:12:59'),(233,'03141',4,49,'Clean',0,'2026-01-19','2026-01-26 18:12:59','2026-02-16 18:12:59'),(234,'03141',5,46,'Clean',0,'2026-01-03','2026-02-14 18:12:59','2026-02-16 18:12:59'),(235,'03234',1,48,'Clean',0,'2026-01-08','2026-01-03 18:12:59','2026-02-16 18:12:59'),(236,'03234',2,46,'Error',0,'2026-01-07','2026-01-15 18:12:59','2026-02-16 18:12:59'),(237,'03234',3,48,'Clean',0,'2026-01-10','2026-01-16 18:12:59','2026-02-16 18:12:59'),(238,'03234',4,41,'Clean',0,'2026-02-02','2026-01-30 18:12:59','2026-02-16 18:12:59'),(239,'03234',5,19,'Clean',0,'2026-01-17','2026-02-03 18:12:59','2026-02-16 18:12:59'),(240,'03234',6,44,'Error',1,'2026-01-05','2026-01-02 18:12:59','2026-02-16 18:12:59'),(241,'03234',7,49,'Clean',0,'2026-02-14','2026-01-25 18:12:59','2026-02-16 18:12:59'),(242,'03234',8,50,'Error',0,'2026-02-04','2026-01-13 18:12:59','2026-02-16 18:12:59'),(243,'03234',9,44,'Clean',0,'2026-01-29','2026-01-07 18:12:59','2026-02-16 18:12:59'),(244,'03343',1,22,'Clean',0,'2026-01-12','2026-02-11 18:12:59','2026-02-16 18:12:59'),(245,'03343',2,49,'Error',0,'2026-01-11','2026-02-09 18:12:59','2026-02-16 18:12:59'),(246,'03343',3,19,'Clean',0,'2026-02-04','2026-02-11 18:12:59','2026-02-16 18:12:59'),(247,'03343',4,18,'Clean',0,'2026-02-01','2026-01-08 18:12:59','2026-02-16 18:12:59'),(248,'03343',5,22,'Error',0,'2026-01-04','2026-01-14 18:12:59','2026-02-16 18:12:59'),(249,'03343',6,44,'Clean',0,'2026-01-12','2026-02-03 18:12:59','2026-02-16 18:12:59'),(250,'03343',7,41,'Error',1,'2026-02-01','2026-01-10 18:12:59','2026-02-16 18:12:59'),(251,'03343',8,41,'Clean',0,'2026-01-31','2026-02-02 18:12:59','2026-02-16 18:12:59'),(252,'03343',9,18,'Clean',0,'2026-02-14','2026-01-27 18:12:59','2026-02-16 18:12:59'),(253,'03343',10,46,'Clean',0,'2026-01-21','2026-02-03 18:12:59','2026-02-16 18:12:59'),(254,'03433',1,45,'Clean',0,'2026-01-15','2026-01-13 18:12:59','2026-02-16 18:12:59'),(255,'03433',2,22,'Clean',0,'2026-01-03','2026-01-26 18:12:59','2026-02-16 18:12:59'),(256,'03433',3,18,'Clean',0,'2026-01-30','2026-02-13 18:12:59','2026-02-16 18:12:59'),(257,'03433',4,41,'Clean',0,'2026-01-24','2026-01-10 18:12:59','2026-02-16 18:12:59'),(258,'03433',5,22,'Clean',0,'2026-01-28','2026-01-03 18:12:59','2026-02-16 18:12:59'),(259,'03433',6,22,'Error',1,'2026-01-25','2026-01-21 18:12:59','2026-02-16 18:12:59'),(260,'03433',7,48,'Error',0,'2026-01-06','2026-01-16 18:12:59','2026-02-16 18:12:59'),(261,'03433',8,22,'Error',0,'2026-01-23','2026-01-28 18:12:59','2026-02-16 18:12:59'),(262,'03433',9,18,'Error',1,'2026-02-05','2026-01-27 18:12:59','2026-02-16 18:12:59'),(263,'03528',1,43,'Clean',0,'2026-02-15','2026-01-06 18:12:59','2026-02-16 18:12:59'),(264,'03528',2,43,'Error',0,'2026-02-06','2026-01-04 18:12:59','2026-02-16 18:12:59'),(265,'03528',3,46,'Error',0,'2026-01-26','2026-01-13 18:12:59','2026-02-16 18:12:59'),(266,'03528',4,43,'Clean',0,'2026-01-29','2026-01-10 18:12:59','2026-02-16 18:12:59'),(267,'03528',5,45,'Clean',0,'2026-01-04','2026-01-02 18:12:59','2026-02-16 18:12:59'),(268,'03528',6,18,'Error',0,'2026-01-14','2026-02-08 18:12:59','2026-02-16 18:12:59'),(269,'03528',7,47,'Clean',0,'2026-01-22','2026-01-12 18:12:59','2026-02-16 18:12:59'),(270,'03528',8,49,'Clean',0,'2026-01-10','2026-02-07 18:12:59','2026-02-16 18:12:59'),(271,'03528',9,19,'Error',0,'2026-01-19','2026-02-03 18:12:59','2026-02-16 18:12:59'),(272,'03689',1,50,'Clean',0,'2026-02-15','2026-01-23 18:12:59','2026-02-16 18:12:59'),(273,'03689',2,42,'Clean',0,'2026-01-12','2026-02-08 18:12:59','2026-02-16 18:12:59'),(274,'03689',3,49,'Error',0,'2026-01-02','2026-01-22 18:12:59','2026-02-16 18:12:59'),(275,'03689',4,22,'Error',0,'2026-01-19','2026-01-22 18:12:59','2026-02-16 18:12:59'),(276,'03689',5,49,'Error',1,'2026-02-15','2026-01-25 18:12:59','2026-02-16 18:12:59'),(277,'03689',6,50,'Error',0,'2026-02-07','2026-01-02 18:12:59','2026-02-16 18:12:59'),(278,'03689',7,46,'Clean',0,'2026-02-13','2026-02-09 18:12:59','2026-02-16 18:12:59'),(279,'03689',8,19,'Clean',0,'2026-01-05','2026-02-09 18:12:59','2026-02-16 18:12:59'),(280,'03765',1,49,'Clean',0,'2026-01-24','2026-01-24 18:12:59','2026-02-16 18:12:59'),(281,'03765',2,45,'Clean',0,'2026-01-23','2026-01-21 18:12:59','2026-02-16 18:12:59'),(282,'03765',3,46,'Clean',0,'2026-02-10','2026-01-29 18:12:59','2026-02-16 18:12:59'),(283,'03765',4,44,'Clean',0,'2026-02-10','2026-01-25 18:12:59','2026-02-16 18:12:59'),(284,'03765',5,43,'Clean',0,'2026-01-14','2026-02-05 18:12:59','2026-02-16 18:12:59'),(285,'03765',6,41,'Clean',0,'2026-02-05','2026-01-24 18:12:59','2026-02-16 18:12:59'),(286,'03812',1,48,'Clean',0,'2026-02-12','2026-01-05 18:12:59','2026-02-16 18:12:59'),(287,'03812',2,44,'Error',0,'2026-02-15','2026-02-06 18:12:59','2026-02-16 18:12:59'),(288,'03812',3,41,'Clean',0,'2026-01-29','2026-01-06 18:12:59','2026-02-16 18:12:59'),(289,'03812',4,44,'Clean',0,'2026-01-13','2026-02-11 18:12:59','2026-02-16 18:12:59'),(290,'03812',5,44,'Error',0,'2026-01-03','2026-01-14 18:12:59','2026-02-16 18:12:59'),(291,'03812',6,49,'Clean',0,'2026-02-14','2026-01-04 18:12:59','2026-02-16 18:12:59'),(292,'03812',7,42,'Clean',0,'2026-01-29','2026-01-16 18:12:59','2026-02-16 18:12:59'),(293,'03812',8,18,'Error',0,'2026-01-30','2026-01-22 18:12:59','2026-02-16 18:12:59'),(294,'03812',9,44,'Clean',0,'2026-01-19','2026-01-09 18:12:59','2026-02-16 18:12:59'),(295,'03984',1,48,'Clean',0,'2026-01-29','2026-01-14 18:12:59','2026-02-16 18:12:59'),(296,'03984',2,47,'Error',0,'2026-02-01','2026-01-15 18:12:59','2026-02-16 18:12:59'),(297,'03984',3,44,'Error',1,'2026-02-03','2026-01-14 18:12:59','2026-02-16 18:12:59'),(298,'03984',4,18,'Error',0,'2026-02-05','2026-02-15 18:12:59','2026-02-16 18:12:59'),(299,'03984',5,46,'Clean',0,'2026-01-13','2026-01-20 18:12:59','2026-02-16 18:12:59'),(300,'03984',6,50,'Clean',0,'2026-01-17','2026-02-04 18:12:59','2026-02-16 18:12:59'),(301,'03984',7,43,'Error',0,'2026-02-03','2026-01-13 18:12:59','2026-02-16 18:12:59'),(302,'03984',8,50,'Clean',0,'2026-01-04','2026-01-30 18:12:59','2026-02-16 18:12:59'),(303,'03984',9,41,'Error',0,'2026-01-31','2026-01-08 18:12:59','2026-02-16 18:12:59'),(304,'03984',10,45,'Clean',0,'2026-01-11','2026-01-07 18:12:59','2026-02-16 18:12:59'),(305,'04065',1,42,'Clean',0,'2026-02-10','2026-02-04 18:12:59','2026-02-16 18:12:59'),(306,'04065',2,42,'Error',0,'2026-01-16','2026-02-01 18:12:59','2026-02-16 18:12:59'),(307,'04065',3,46,'Clean',0,'2026-02-02','2026-02-05 18:12:59','2026-02-16 18:12:59'),(308,'04065',4,46,'Error',0,'2026-02-06','2026-01-24 18:12:59','2026-02-16 18:12:59'),(309,'04065',5,18,'Clean',0,'2026-01-17','2026-02-07 18:12:59','2026-02-16 18:12:59'),(310,'04065',6,45,'Error',1,'2026-02-07','2026-01-30 18:12:59','2026-02-16 18:12:59'),(311,'04157',1,50,'Error',1,'2026-01-03','2026-02-12 18:12:59','2026-02-16 18:12:59'),(312,'04157',2,19,'Error',1,'2026-01-02','2026-02-15 18:12:59','2026-02-16 18:12:59'),(313,'04157',3,46,'Error',1,'2026-01-08','2026-01-03 18:12:59','2026-02-16 18:12:59'),(314,'04157',4,43,'Error',0,'2026-02-10','2026-01-04 18:12:59','2026-02-16 18:12:59'),(315,'04157',5,50,'Error',0,'2026-02-15','2026-01-02 18:12:59','2026-02-16 18:12:59'),(316,'04157',6,46,'Error',1,'2026-01-27','2026-02-01 18:12:59','2026-02-16 18:12:59'),(317,'04157',7,42,'Clean',0,'2026-01-19','2026-01-12 18:12:59','2026-02-16 18:12:59'),(318,'04157',8,49,'Error',1,'2026-01-08','2026-02-10 18:12:59','2026-02-16 18:12:59'),(319,'04157',9,44,'Clean',0,'2026-01-23','2026-02-08 18:12:59','2026-02-16 18:12:59'),(320,'04157',10,43,'Clean',0,'2026-01-05','2026-01-20 18:12:59','2026-02-16 18:12:59'),(321,'04217',1,18,'Error',1,'2026-02-05','2026-02-03 18:12:59','2026-02-16 18:12:59'),(322,'04217',2,45,'Clean',0,'2026-02-05','2026-01-16 18:12:59','2026-02-16 18:12:59'),(323,'04217',3,43,'Error',0,'2026-01-29','2026-01-07 18:12:59','2026-02-16 18:12:59'),(324,'04217',4,49,'Clean',0,'2026-01-20','2026-02-09 18:12:59','2026-02-16 18:12:59'),(325,'04217',5,42,'Error',0,'2026-02-02','2026-01-16 18:12:59','2026-02-16 18:12:59'),(326,'04217',6,46,'Clean',0,'2026-01-17','2026-02-10 18:12:59','2026-02-16 18:12:59'),(327,'04217',7,49,'Clean',0,'2026-02-11','2026-01-25 18:12:59','2026-02-16 18:12:59'),(328,'04332',1,41,'Clean',0,'2026-01-08','2026-01-09 18:12:59','2026-02-16 18:12:59'),(329,'04332',2,44,'Error',1,'2026-01-04','2026-02-09 18:12:59','2026-02-16 18:12:59'),(330,'04332',3,42,'Clean',0,'2026-01-05','2026-01-10 18:12:59','2026-02-16 18:12:59'),(331,'04332',4,50,'Clean',0,'2026-01-29','2026-01-06 18:12:59','2026-02-16 18:12:59'),(332,'04332',5,41,'Clean',0,'2026-02-05','2026-02-11 18:12:59','2026-02-16 18:12:59'),(333,'04332',6,45,'Error',0,'2026-02-02','2026-01-29 18:12:59','2026-02-16 18:12:59'),(334,'04332',7,45,'Error',0,'2026-01-16','2026-01-16 18:12:59','2026-02-16 18:12:59'),(335,'04332',8,45,'Error',0,'2026-02-12','2026-01-26 18:12:59','2026-02-16 18:12:59'),(336,'04332',9,18,'Clean',0,'2026-01-31','2026-02-12 18:12:59','2026-02-16 18:12:59'),(337,'04332',10,46,'Clean',0,'2026-01-12','2026-02-13 18:12:59','2026-02-16 18:12:59'),(338,'04403',1,48,'Clean',0,'2026-02-14','2026-01-13 18:12:59','2026-02-16 18:12:59'),(339,'04403',2,50,'Error',0,'2026-01-02','2026-01-24 18:12:59','2026-02-16 18:12:59'),(340,'04403',3,49,'Error',1,'2026-02-14','2026-01-18 18:12:59','2026-02-16 18:12:59'),(341,'04403',4,19,'Error',0,'2026-02-12','2026-01-12 18:12:59','2026-02-16 18:12:59'),(342,'04403',5,42,'Error',0,'2026-02-06','2026-01-11 18:12:59','2026-02-16 18:12:59'),(343,'04403',6,42,'Clean',0,'2026-02-13','2026-01-14 18:12:59','2026-02-16 18:12:59'),(344,'04403',7,49,'Clean',0,'2026-01-20','2026-01-04 18:12:59','2026-02-16 18:12:59'),(345,'04403',8,49,'Error',0,'2026-02-15','2026-01-06 18:12:59','2026-02-16 18:12:59'),(346,'04403',9,44,'Error',0,'2026-02-11','2026-02-14 18:12:59','2026-02-16 18:12:59'),(347,'04515',1,49,'Clean',0,'2026-01-31','2026-01-02 18:12:59','2026-02-16 18:12:59'),(348,'04515',2,47,'Error',0,'2026-02-09','2026-02-10 18:12:59','2026-02-16 18:12:59'),(349,'04515',3,19,'Error',0,'2026-01-26','2026-01-13 18:12:59','2026-02-16 18:12:59'),(350,'04515',4,46,'Clean',0,'2026-01-28','2026-01-07 18:12:59','2026-02-16 18:12:59'),(351,'04515',5,44,'Clean',0,'2026-02-01','2026-01-11 18:12:59','2026-02-16 18:12:59'),(352,'04515',6,18,'Clean',0,'2026-01-03','2026-01-14 18:12:59','2026-02-16 18:12:59'),(353,'04515',7,47,'Error',0,'2026-01-19','2026-02-04 18:12:59','2026-02-16 18:12:59'),(354,'04610',1,50,'Error',1,'2026-01-14','2026-02-05 18:12:59','2026-02-16 18:12:59'),(355,'04610',2,42,'Clean',0,'2026-02-07','2026-01-23 18:12:59','2026-02-16 18:12:59'),(356,'04610',3,41,'Clean',0,'2026-02-14','2026-02-15 18:12:59','2026-02-16 18:12:59'),(357,'04610',4,18,'Clean',0,'2026-01-04','2026-01-25 18:12:59','2026-02-16 18:12:59'),(358,'04610',5,47,'Error',0,'2026-01-25','2026-01-30 18:12:59','2026-02-16 18:12:59'),(359,'04610',6,43,'Clean',0,'2026-01-11','2026-02-04 18:12:59','2026-02-16 18:12:59'),(360,'04610',7,48,'Clean',0,'2026-02-14','2026-01-17 18:12:59','2026-02-16 18:12:59'),(361,'04776',1,42,'Clean',0,'2026-02-04','2026-01-06 18:12:59','2026-02-16 18:12:59'),(362,'04776',2,19,'Clean',0,'2026-02-07','2026-01-30 18:12:59','2026-02-16 18:12:59'),(363,'04776',3,47,'Error',1,'2026-01-29','2026-02-07 18:12:59','2026-02-16 18:12:59'),(364,'04776',4,49,'Error',1,'2026-01-06','2026-01-18 18:12:59','2026-02-16 18:12:59'),(365,'04776',5,18,'Error',0,'2026-01-02','2026-02-02 18:12:59','2026-02-16 18:12:59'),(366,'04776',6,18,'Clean',0,'2026-01-28','2026-01-30 18:12:59','2026-02-16 18:12:59'),(367,'04776',7,44,'Error',0,'2026-01-29','2026-02-09 18:12:59','2026-02-16 18:12:59'),(368,'04776',8,44,'Clean',0,'2026-02-07','2026-01-19 18:12:59','2026-02-16 18:12:59'),(369,'04776',9,48,'Clean',0,'2026-01-09','2026-01-17 18:12:59','2026-02-16 18:12:59'),(370,'04845',1,41,'Error',0,'2026-01-24','2026-02-14 18:12:59','2026-02-16 18:12:59'),(371,'04845',2,43,'Error',1,'2026-02-02','2026-01-16 18:12:59','2026-02-16 18:12:59'),(372,'04845',3,22,'Clean',0,'2026-01-15','2026-02-02 18:12:59','2026-02-16 18:12:59'),(373,'04845',4,43,'Clean',0,'2026-02-08','2026-02-01 18:12:59','2026-02-16 18:12:59'),(374,'04845',5,47,'Clean',0,'2026-01-20','2026-01-04 18:12:59','2026-02-16 18:12:59'),(375,'04845',6,43,'Clean',0,'2026-01-27','2026-01-22 18:12:59','2026-02-16 18:12:59'),(376,'04845',7,22,'Clean',0,'2026-02-15','2026-02-06 18:12:59','2026-02-16 18:12:59'),(377,'04845',8,43,'Error',0,'2026-01-05','2026-01-10 18:12:59','2026-02-16 18:12:59'),(378,'04845',9,48,'Error',1,'2026-01-08','2026-01-26 18:12:59','2026-02-16 18:12:59'),(379,'04845',10,43,'Clean',0,'2026-01-20','2026-02-14 18:12:59','2026-02-16 18:12:59'),(380,'04952',1,45,'Clean',0,'2026-02-11','2026-01-08 18:12:59','2026-02-16 18:12:59'),(381,'04952',2,46,'Error',1,'2026-02-03','2026-01-19 18:12:59','2026-02-16 18:12:59'),(382,'04952',3,41,'Clean',0,'2026-01-03','2026-02-09 18:12:59','2026-02-16 18:12:59'),(383,'04952',4,45,'Error',1,'2026-01-12','2026-02-09 18:12:59','2026-02-16 18:12:59'),(384,'04952',5,18,'Error',0,'2026-01-22','2026-01-13 18:12:59','2026-02-16 18:12:59'),(385,'04952',6,42,'Clean',0,'2026-02-04','2026-01-10 18:12:59','2026-02-16 18:12:59'),(386,'04952',7,50,'Clean',0,'2026-01-13','2026-01-03 18:12:59','2026-02-16 18:12:59'),(387,'04952',8,46,'Clean',0,'2026-01-16','2026-01-31 18:12:59','2026-02-16 18:12:59');
/*!40000 ALTER TABLE `kartu_kendali` ENABLE KEYS */;
UNLOCK TABLES;

--
-- Table structure for table `login_attempts`
--

DROP TABLE IF EXISTS `login_attempts`;
/*!40101 SET @saved_cs_client     = @@character_set_client */;
/*!50503 SET character_set_client = utf8mb4 */;
CREATE TABLE `login_attempts` (
  `id` int unsigned NOT NULL AUTO_INCREMENT,
  `ip_address` varchar(45) COLLATE utf8mb4_general_ci NOT NULL,
  `username` varchar(100) COLLATE utf8mb4_general_ci NOT NULL,
  `attempt_time` datetime NOT NULL,
  `success` tinyint(1) NOT NULL DEFAULT '0',
  `user_agent` varchar(255) COLLATE utf8mb4_general_ci DEFAULT NULL,
  `error_message` text COLLATE utf8mb4_general_ci,
  PRIMARY KEY (`id`),
  KEY `ip_address` (`ip_address`),
  KEY `username` (`username`),
  KEY `attempt_time` (`attempt_time`)
) ENGINE=InnoDB AUTO_INCREMENT=18 DEFAULT CHARSET=utf8mb4 COLLATE=utf8mb4_general_ci;
/*!40101 SET character_set_client = @saved_cs_client */;

--
-- Dumping data for table `login_attempts`
--

LOCK TABLES `login_attempts` WRITE;
/*!40000 ALTER TABLE `login_attempts` DISABLE KEYS */;
INSERT INTO `login_attempts` VALUES (1,'::1','admin','2026-02-16 15:23:00',1,'Mozilla/5.0 (Windows NT 10.0; Microsoft Windows 10.0.22631; en-ID) PowerShell/7.5.4',NULL),(2,'::1','admin_nanang','2026-02-16 15:23:33',1,'Mozilla/5.0 (Windows NT 10.0; Win64; x64) AppleWebKit/537.36 (KHTML, like Gecko) Chrome/145.0.0.0 Safari/537.36',NULL),(3,'::1','admin','2026-02-16 15:25:59',1,'Mozilla/5.0 (Windows NT 10.0; Microsoft Windows 10.0.22631; en-ID) PowerShell/7.5.4',NULL),(4,'::1','admin_nanang','2026-02-16 16:05:20',1,'Mozilla/5.0 (Windows NT 10.0; Win64; x64) AppleWebKit/537.36 (KHTML, like Gecko) HeadlessChrome/145.0.7632.6 Safari/537.36',NULL),(5,'::1','admin_nanang','2026-02-16 16:05:31',1,'Mozilla/5.0 (Windows NT 10.0; Win64; x64) AppleWebKit/537.36 (KHTML, like Gecko) HeadlessChrome/145.0.7632.6 Safari/537.36',NULL),(6,'127.0.0.1','admin_nanang','2026-02-16 16:05:44',1,'Mozilla/5.0 (Windows NT 10.0; Win64; x64; rv:146.0) Gecko/20100101 Firefox/146.0',NULL),(7,'127.0.0.1','admin_nanang','2026-02-16 16:05:57',1,'Mozilla/5.0 (Windows NT 10.0; Win64; x64; rv:146.0) Gecko/20100101 Firefox/146.0',NULL),(8,'::1','admin_nanang','2026-02-16 16:06:10',1,'Mozilla/5.0 (Macintosh; Intel Mac OS X 10_15_7) AppleWebKit/605.1.15 (KHTML, like Gecko) Version/26.0 Safari/605.1.15',NULL),(9,'::1','admin_nanang','2026-02-16 16:06:29',1,'Mozilla/5.0 (Macintosh; Intel Mac OS X 10_15_7) AppleWebKit/605.1.15 (KHTML, like Gecko) Version/26.0 Safari/605.1.15',NULL),(10,'::1','admin_nanang','2026-02-16 16:07:04',1,'Mozilla/5.0 (Windows NT 10.0; Win64; x64) AppleWebKit/537.36 (KHTML, like Gecko) HeadlessChrome/145.0.7632.6 Safari/537.36',NULL),(11,'::1','admin_nanang','2026-02-16 16:09:17',1,'Mozilla/5.0 (Windows NT 10.0; Win64; x64) AppleWebKit/537.36 (KHTML, like Gecko) HeadlessChrome/145.0.7632.6 Safari/537.36',NULL),(12,'::1','admin_nanang','2026-02-16 16:09:17',1,'Mozilla/5.0 (Windows NT 10.0; Win64; x64) AppleWebKit/537.36 (KHTML, like Gecko) HeadlessChrome/145.0.7632.6 Safari/537.36',NULL),(13,'::1','admin_nanang','2026-02-16 16:09:27',1,'Mozilla/5.0 (Windows NT 10.0; Win64; x64) AppleWebKit/537.36 (KHTML, like Gecko) HeadlessChrome/145.0.7632.6 Safari/537.36',NULL),(14,'127.0.0.1','admin_nanang','2026-02-16 16:09:39',1,'Mozilla/5.0 (Windows NT 10.0; Win64; x64; rv:146.0) Gecko/20100101 Firefox/146.0',NULL),(15,'127.0.0.1','admin_nanang','2026-02-16 16:09:52',1,'Mozilla/5.0 (Windows NT 10.0; Win64; x64; rv:146.0) Gecko/20100101 Firefox/146.0',NULL),(16,'::1','admin_nanang','2026-02-16 16:10:11',1,'Mozilla/5.0 (Macintosh; Intel Mac OS X 10_15_7) AppleWebKit/605.1.15 (KHTML, like Gecko) Version/26.0 Safari/605.1.15',NULL),(17,'::1','admin_nanang','2026-02-16 16:10:31',1,'Mozilla/5.0 (Macintosh; Intel Mac OS X 10_15_7) AppleWebKit/605.1.15 (KHTML, like Gecko) Version/26.0 Safari/605.1.15',NULL);
/*!40000 ALTER TABLE `login_attempts` ENABLE KEYS */;
UNLOCK TABLES;

--
-- Table structure for table `logistik`
--

DROP TABLE IF EXISTS `logistik`;
/*!40101 SET @saved_cs_client     = @@character_set_client */;
/*!50503 SET character_set_client = utf8mb4 */;
CREATE TABLE `logistik` (
  `id` int unsigned NOT NULL AUTO_INCREMENT,
  `kode_barang` varchar(30) COLLATE utf8mb4_general_ci NOT NULL,
  `nama_barang` varchar(120) COLLATE utf8mb4_general_ci NOT NULL,
  `kategori` varchar(50) COLLATE utf8mb4_general_ci DEFAULT NULL,
  `satuan` varchar(20) COLLATE utf8mb4_general_ci DEFAULT NULL,
  `stok` int NOT NULL DEFAULT '0',
  `kondisi` enum('Baik','Rusak Ringan','Rusak Berat') COLLATE utf8mb4_general_ci NOT NULL DEFAULT 'Baik',
  `lokasi` varchar(120) COLLATE utf8mb4_general_ci DEFAULT NULL,
  `keterangan` text COLLATE utf8mb4_general_ci,
  `created_at` datetime DEFAULT NULL,
  `updated_at` datetime DEFAULT NULL,
  PRIMARY KEY (`id`),
  UNIQUE KEY `kode_barang` (`kode_barang`)
) ENGINE=InnoDB AUTO_INCREMENT=61 DEFAULT CHARSET=utf8mb4 COLLATE=utf8mb4_general_ci;
/*!40101 SET character_set_client = @saved_cs_client */;

--
-- Dumping data for table `logistik`
--

LOCK TABLES `logistik` WRITE;
/*!40000 ALTER TABLE `logistik` DISABLE KEYS */;
INSERT INTO `logistik` VALUES (1,'BRG-0001','Kuesioner VSEN26.RT','Kuesioner','lembar',347,'Baik','Gudang Utama','Perlu restok bulan depan','2025-11-16 18:12:59','2026-02-16 18:12:59'),(2,'BRG-0002','Kuesioner VSEN26.KOR','Kuesioner','lembar',394,'Baik','Gudang Utama',NULL,'2025-08-31 18:12:59','2026-02-16 18:12:59'),(3,'BRG-0003','Kuesioner SAK26.AK','Kuesioner','lembar',135,'Baik','Gudang Utama',NULL,'2025-09-23 18:12:59','2026-02-16 18:12:59'),(4,'BRG-0004','Kuesioner SSN26.MSBP','Kuesioner','lembar',315,'Baik','Gudang A',NULL,'2025-10-09 18:12:59','2026-02-16 18:12:59'),(5,'BRG-0005','Kuesioner SSN26.DSRT','Kuesioner','lembar',338,'Baik','Gudang A',NULL,'2025-09-11 18:12:59','2026-02-16 18:12:59'),(6,'BRG-0006','Buku Pedoman PCL','Buku','buku',439,'Baik','Gudang Utama','Perlu restok bulan depan','2026-01-14 18:12:59','2026-02-16 18:12:59'),(7,'BRG-0007','Buku Pedoman PML','Buku','buku',154,'Baik','Gudang Utama',NULL,'2025-08-30 18:12:59','2026-02-16 18:12:59'),(8,'BRG-0008','Buku Pedoman Pengolahan','Buku','buku',500,'Baik','Gudang B',NULL,'2025-10-25 18:12:59','2026-02-16 18:12:59'),(9,'BRG-0009','Peta Wilkerstat Kec. Patrang','Peta','lembar',381,'Baik','Rak Peta',NULL,'2025-12-24 18:12:59','2026-02-16 18:12:59'),(10,'BRG-0010','Peta Wilkerstat Kec. Sumbersari','Peta','lembar',147,'Baik','Rak Peta',NULL,'2025-11-24 18:12:59','2026-02-16 18:12:59'),(11,'BRG-0011','Peta Wilkerstat Kec. Kaliwates','Peta','lembar',156,'Baik','Rak Peta','Perlu restok bulan depan','2025-10-11 18:12:59','2026-02-16 18:12:59'),(12,'BRG-0012','Pensil 2B','ATK','buah',207,'Baik','Lemari ATK',NULL,'2025-10-14 18:12:59','2026-02-16 18:12:59'),(13,'BRG-0013','Penghapus','ATK','buah',499,'Baik','Lemari ATK',NULL,'2025-12-24 18:12:59','2026-02-16 18:12:59'),(14,'BRG-0014','Clipboard A4','ATK','buah',163,'Baik','Lemari ATK',NULL,'2025-10-06 18:12:59','2026-02-16 18:12:59'),(15,'BRG-0015','Amplop Coklat A4','ATK','lembar',171,'Baik','Lemari ATK',NULL,'2025-09-21 18:12:59','2026-02-16 18:12:59'),(16,'BRG-0016','Tali Rafia','ATK','gulung',243,'Baik','Gudang B','Perlu restok bulan depan','2025-08-29 18:12:59','2026-02-16 18:12:59'),(17,'BRG-0017','Map Ordner','ATK','buah',104,'Baik','Lemari ATK',NULL,'2026-01-27 18:12:59','2026-02-16 18:12:59'),(18,'BRG-0018','Ballpoint Hitam','ATK','buah',151,'Baik','Lemari ATK',NULL,'2026-02-06 18:12:59','2026-02-16 18:12:59'),(19,'BRG-0019','Ballpoint Merah','ATK','buah',232,'Baik','Lemari ATK',NULL,'2026-02-03 18:12:59','2026-02-16 18:12:59'),(20,'BRG-0020','Spidol Marker','ATK','buah',175,'Baik','Lemari ATK',NULL,'2026-01-02 18:12:59','2026-02-16 18:12:59'),(21,'BRG-0021','Stapler Besar','Peralatan','buah',340,'Baik','Lemari ATK','Perlu restok bulan depan','2025-10-14 18:12:59','2026-02-16 18:12:59'),(22,'BRG-0022','Isi Stapler No.10','ATK','kotak',400,'Baik','Lemari ATK',NULL,'2025-08-25 18:12:59','2026-02-16 18:12:59'),(23,'BRG-0023','Paper Clip','ATK','kotak',321,'Baik','Lemari ATK',NULL,'2026-01-12 18:12:59','2026-02-16 18:12:59'),(24,'BRG-0024','Tinta Printer Canon','Peralatan','botol',153,'Baik','Gudang B',NULL,'2025-09-30 18:12:59','2026-02-16 18:12:59'),(25,'BRG-0025','Kertas HVS A4 70gsm','ATK','rim',420,'Baik','Gudang Utama',NULL,'2025-11-12 18:12:59','2026-02-16 18:12:59'),(26,'BRG-0026','Kertas HVS F4 70gsm','ATK','rim',472,'Baik','Gudang Utama','Perlu restok bulan depan','2025-12-07 18:12:59','2026-02-16 18:12:59'),(27,'BRG-0027','Kardus Arsip','ATK','buah',239,'Baik','Gudang B',NULL,'2025-12-18 18:12:59','2026-02-16 18:12:59'),(28,'BRG-0028','Tablet Samsung Tab A7','Peralatan','unit',482,'Baik','Ruang IT',NULL,'2025-09-12 18:12:59','2026-02-16 18:12:59'),(29,'BRG-0029','Tablet Samsung Tab A8','Peralatan','unit',158,'Baik','Ruang IT',NULL,'2025-09-06 18:12:59','2026-02-16 18:12:59'),(30,'BRG-0030','Tablet Lenovo Tab M10','Peralatan','unit',128,'Baik','Ruang IT',NULL,'2026-02-04 18:12:59','2026-02-16 18:12:59'),(31,'BRG-0031','Powerbank 10000mAh','Peralatan','unit',36,'Baik','Ruang IT','Perlu restok bulan depan','2025-10-26 18:12:59','2026-02-16 18:12:59'),(32,'BRG-0032','Senter LED','Peralatan','buah',73,'Baik','Gudang B',NULL,'2025-09-27 18:12:59','2026-02-16 18:12:59'),(33,'BRG-0033','Rompi Lapangan','Peralatan','buah',93,'Baik','Gudang Utama',NULL,'2025-10-19 18:12:59','2026-02-16 18:12:59'),(34,'BRG-0034','Topi Lapangan','Peralatan','buah',129,'Baik','Gudang Utama',NULL,'2025-11-25 18:12:59','2026-02-16 18:12:59'),(35,'BRG-0035','Tas Ransel Lapangan','Peralatan','buah',97,'Baik','Gudang Utama',NULL,'2025-11-24 18:12:59','2026-02-16 18:12:59'),(36,'BRG-0036','Payung Lipat','Peralatan','buah',267,'Baik','Gudang Utama','Perlu restok bulan depan','2025-12-12 18:12:59','2026-02-16 18:12:59'),(37,'BRG-0037','Jaket Hujan','Peralatan','buah',97,'Rusak Ringan','Gudang B',NULL,'2025-11-15 18:12:59','2026-02-16 18:12:59'),(38,'BRG-0038','Kabel Data USB-C','Peralatan','buah',213,'Baik','Ruang IT',NULL,'2025-12-16 18:12:59','2026-02-16 18:12:59'),(39,'BRG-0039','Kalkulator Scientific','Peralatan','buah',314,'Baik','Lemari ATK',NULL,'2025-09-07 18:12:59','2026-02-16 18:12:59'),(40,'BRG-0040','Label Stiker','ATK','lembar',84,'Baik','Lemari ATK',NULL,'2025-10-07 18:12:59','2026-02-16 18:12:59'),(41,'BRG-0041','Box File Plastik','ATK','buah',498,'Baik','Gudang B','Perlu restok bulan depan','2025-12-24 18:12:59','2026-02-16 18:12:59'),(42,'BRG-0042','Gunting Besar','ATK','buah',220,'Baik','Lemari ATK',NULL,'2025-10-16 18:12:59','2026-02-16 18:12:59'),(43,'BRG-0043','Cutter','ATK','buah',458,'Baik','Lemari ATK',NULL,'2025-12-09 18:12:59','2026-02-16 18:12:59'),(44,'BRG-0044','Lakban Bening','ATK','roll',249,'Baik','Lemari ATK',NULL,'2025-12-28 18:12:59','2026-02-16 18:12:59'),(45,'BRG-0045','Lakban Coklat','ATK','roll',19,'Baik','Lemari ATK',NULL,'2025-12-18 18:12:59','2026-02-16 18:12:59'),(46,'BRG-0046','Kartu Tanda Petugas','Kuesioner','lembar',180,'Baik','Gudang Utama','Perlu restok bulan depan','2025-10-28 18:12:59','2026-02-16 18:12:59'),(47,'BRG-0047','Surat Tugas PCL','Kuesioner','lembar',126,'Baik','Gudang Utama',NULL,'2025-09-14 18:12:59','2026-02-16 18:12:59'),(48,'BRG-0048','Surat Tugas PML','Kuesioner','lembar',258,'Baik','Gudang Utama',NULL,'2025-12-07 18:12:59','2026-02-16 18:12:59'),(49,'BRG-0049','Formulir SP2D','Kuesioner','lembar',377,'Baik','Gudang A',NULL,'2025-09-07 18:12:59','2026-02-16 18:12:59'),(50,'BRG-0050','Formulir SPJ','Kuesioner','lembar',374,'Baik','Gudang A',NULL,'2026-01-10 18:12:59','2026-02-16 18:12:59'),(51,'BRG-0051','Laptop Dell Latitude','Peralatan','unit',178,'Baik','Ruang IT','Perlu restok bulan depan','2025-09-20 18:12:59','2026-02-16 18:12:59'),(52,'BRG-0052','Laptop Lenovo ThinkPad','Peralatan','unit',101,'Rusak Ringan','Ruang IT',NULL,'2025-12-26 18:12:59','2026-02-16 18:12:59'),(53,'BRG-0053','Mouse Wireless','Peralatan','buah',19,'Baik','Ruang IT',NULL,'2026-01-31 18:12:59','2026-02-16 18:12:59'),(54,'BRG-0054','Flash Disk 32GB','Peralatan','buah',40,'Baik','Ruang IT',NULL,'2025-09-14 18:12:59','2026-02-16 18:12:59'),(55,'BRG-0055','Hard Disk Eksternal 1TB','Peralatan','buah',108,'Baik','Ruang IT',NULL,'2025-12-01 18:12:59','2026-02-16 18:12:59'),(56,'BRG-0056','UPS 600VA','Peralatan','unit',271,'Baik','Ruang IT','Perlu restok bulan depan','2026-01-26 18:12:59','2026-02-16 18:12:59'),(57,'BRG-0057','Printer Canon G3010','Peralatan','unit',397,'Baik','Ruang IT',NULL,'2025-11-01 18:12:59','2026-02-16 18:12:59'),(58,'BRG-0058','Scanner Epson','Peralatan','unit',108,'Baik','Ruang IT',NULL,'2025-10-02 18:12:59','2026-02-16 18:12:59'),(59,'BRG-0059','Kabel LAN 5m','Peralatan','buah',393,'Baik','Ruang IT',NULL,'2025-10-19 18:12:59','2026-02-16 18:12:59'),(60,'BRG-0060','Switch HUB 8 Port','Peralatan','unit',22,'Baik','Ruang IT',NULL,'2025-11-18 18:12:59','2026-02-16 18:12:59');
/*!40000 ALTER TABLE `logistik` ENABLE KEYS */;
UNLOCK TABLES;

--
-- Table structure for table `master_kegiatan`
--

DROP TABLE IF EXISTS `master_kegiatan`;
/*!40101 SET @saved_cs_client     = @@character_set_client */;
/*!50503 SET character_set_client = utf8mb4 */;
CREATE TABLE `master_kegiatan` (
  `id_kegiatan` int NOT NULL AUTO_INCREMENT,
  `nama_kegiatan` varchar(100) NOT NULL,
  `kode_kegiatan` varchar(20) NOT NULL,
  `tanggal_mulai` date NOT NULL,
  `tanggal_selesai` date NOT NULL,
  `status` enum('Aktif','Selesai') NOT NULL DEFAULT 'Aktif',
  `created_at` timestamp NOT NULL DEFAULT CURRENT_TIMESTAMP,
  PRIMARY KEY (`id_kegiatan`),
  UNIQUE KEY `kode_kegiatan` (`kode_kegiatan`)
) ENGINE=InnoDB AUTO_INCREMENT=12 DEFAULT CHARSET=utf8mb4 COLLATE=utf8mb4_0900_ai_ci;
/*!40101 SET character_set_client = @saved_cs_client */;

--
-- Dumping data for table `master_kegiatan`
--

LOCK TABLES `master_kegiatan` WRITE;
/*!40000 ALTER TABLE `master_kegiatan` DISABLE KEYS */;
INSERT INTO `master_kegiatan` VALUES (1,'Sakernas Februari 2026','SAK26FEB','2026-02-01','2026-02-28','Aktif','2026-02-15 18:20:24'),(2,'Susenas Maret 2026','SSN26MAR','2026-03-01','2026-03-31','Aktif','2026-02-15 18:20:24'),(4,'Survei Sosek Nasional 2026','SOSEK26','2026-01-15','2026-06-30','Aktif','2026-02-16 11:12:56'),(5,'Survei Biaya Hidup 2026','SBH26','2026-01-01','2026-12-31','Aktif','2026-02-16 11:12:56'),(6,'VIMK Triwulan 1','VIMK26Q1','2026-01-01','2026-03-31','Aktif','2026-02-16 11:12:56'),(7,'Sensus Pertanian 2026','ST26','2026-05-01','2026-08-31','Aktif','2026-02-16 11:12:56'),(8,'Sakernas Agustus 2025','SAK25AUG','2025-08-01','2025-08-31','Selesai','2026-02-16 11:12:56'),(9,'Susenas September 2025','SSN25SEP','2025-09-01','2025-09-30','Selesai','2026-02-16 11:12:56'),(10,'VIMK Triwulan 4 2025','VIMK25Q4','2025-10-01','2025-12-31','Selesai','2026-02-16 11:12:56'),(11,'Sakernas Februari 2025','SAK25FEB','2025-02-01','2025-02-28','Selesai','2026-02-16 11:12:56');
/*!40000 ALTER TABLE `master_kegiatan` ENABLE KEYS */;
UNLOCK TABLES;

--
-- Table structure for table `migrations`
--

DROP TABLE IF EXISTS `migrations`;
/*!40101 SET @saved_cs_client     = @@character_set_client */;
/*!50503 SET character_set_client = utf8mb4 */;
CREATE TABLE `migrations` (
  `id` bigint unsigned NOT NULL AUTO_INCREMENT,
  `version` varchar(255) COLLATE utf8mb4_general_ci NOT NULL,
  `class` varchar(255) COLLATE utf8mb4_general_ci NOT NULL,
  `group` varchar(255) COLLATE utf8mb4_general_ci NOT NULL,
  `namespace` varchar(255) COLLATE utf8mb4_general_ci NOT NULL,
  `time` int NOT NULL,
  `batch` int unsigned NOT NULL,
  PRIMARY KEY (`id`)
) ENGINE=InnoDB AUTO_INCREMENT=9 DEFAULT CHARSET=utf8mb4 COLLATE=utf8mb4_general_ci;
/*!40101 SET character_set_client = @saved_cs_client */;

--
-- Dumping data for table `migrations`
--

LOCK TABLES `migrations` WRITE;
/*!40000 ALTER TABLE `migrations` DISABLE KEYS */;
INSERT INTO `migrations` VALUES (1,'2026-02-15-151500','App\\Database\\Migrations\\CreatePresensiTable','default','App',1771169314,1),(2,'2026-02-15-161000','App\\Database\\Migrations\\EnsureUsersAuthColumns','default','App',1771170569,2),(3,'2026-02-15-164058','App\\Database\\Migrations\\CreateKartuKendaliTable','default','App',1771174190,3),(4,'2026-02-15-170528','App\\Database\\Migrations\\CreateUjiPetikTable','default','App',1771175281,4),(5,'2026-02-15-173500','App\\Database\\Migrations\\CreateLogistikTable','default','App',1771178219,5),(6,'2026-02-16-000000','App\\Database\\Migrations\\CreateLoginAttemptsTable','default','App',1771255248,6),(7,'2026-02-16-152200','App\\Database\\Migrations\\AlignKartuKendaliNksCollation','default','App',1771255522,7),(8,'2026-02-17-000000','App\\Database\\Migrations\\CreatePenyetoranDokumen','default','App',1771264873,8);
/*!40000 ALTER TABLE `migrations` ENABLE KEYS */;
UNLOCK TABLES;

--
-- Table structure for table `nks_master`
--

DROP TABLE IF EXISTS `nks_master`;
/*!40101 SET @saved_cs_client     = @@character_set_client */;
/*!50503 SET character_set_client = utf8mb4 */;
CREATE TABLE `nks_master` (
  `nks` varchar(10) CHARACTER SET utf8mb4 COLLATE utf8mb4_general_ci NOT NULL,
  `kd_bs` varchar(20) CHARACTER SET utf8mb4 COLLATE utf8mb4_general_ci DEFAULT NULL,
  `kecamatan` varchar(50) CHARACTER SET utf8mb4 COLLATE utf8mb4_general_ci DEFAULT NULL,
  `desa` varchar(50) CHARACTER SET utf8mb4 COLLATE utf8mb4_general_ci DEFAULT NULL,
  `target_ruta` int DEFAULT '10',
  PRIMARY KEY (`nks`) USING BTREE
) ENGINE=InnoDB DEFAULT CHARSET=utf8mb4 COLLATE=utf8mb4_general_ci ROW_FORMAT=DYNAMIC;
/*!40101 SET character_set_client = @saved_cs_client */;

--
-- Dumping data for table `nks_master`
--

LOCK TABLES `nks_master` WRITE;
/*!40000 ALTER TABLE `nks_master` DISABLE KEYS */;
INSERT INTO `nks_master` VALUES ('00051','3509001','Patrang','Patrang',10),('00110','3509002','Patrang','Bintoro',9),('00203','3509003','Patrang','Jember Lor',7),('00363','3509004','Sumbersari','Antirogo',6),('00489','3509005','Sumbersari','Wirolegi',7),('00557','3509006','Sumbersari','Kebonsari',8),('00677','3509007','Kaliwates','Jember Kidul',9),('00767','3509008','Kaliwates','Sempusari',8),('00857','3509009','Kaliwates','Mangli',6),('00968','3509010','Ajung','Ajung',7),('01086','3509011','Ajung','Klompangan',5),('01166','3509012','Ambulu','Ambulu',6),('01204','3509013','Ambulu','Sabrang',10),('01340','3509014','Balung','Balung Lor',6),('01443','3509015','Balung','Balung Kidul',9),('01532','3509016','Bangsalsari','Bangsalsari',5),('01642','3509017','Bangsalsari','Sukorejo',10),('01797','3509018','Gumukmas','Gumukmas',10),('01821','3509019','Gumukmas','Kepanjen',8),('01945','3509020','Jelbuk','Jelbuk',7),('02021','3509021','Jelbuk','Panduman',10),('02159','3509022','Jenggawah','Jenggawah',9),('02218','3509023','Jenggawah','Jatisari',9),('02303','3509024','Kalisat','Kalisat',7),('02424','3509025','Kalisat','Sumberkalong',9),('02568','3509026','Kencong','Kencong',10),('02616','3509027','Kencong','Wonorejo',9),('02744','3509028','Ledokombo','Ledokombo',10),('02842','3509029','Ledokombo','Suren',6),('02944','3509030','Mayang','Mayang',9),('03051','3509031','Mayang','Tegalrejo',7),('03141','3509032','Mumbulsari','Mumbulsari',7),('03234','3509033','Panti','Panti',8),('03343','3509034','Panti','Suci',8),('03433','3509035','Pakusari','Pakusari',7),('03528','3509036','Pakusari','Patempuran',9),('03689','3509037','Rambipuji','Rambipuji',7),('03765','3509038','Rambipuji','Pecoro',9),('03812','3509039','Semboro','Semboro',6),('03984','3509040','Silo','Silo',6),('04065','3509041','Silo','Garahan',10),('04157','3509042','Sukorambi','Sukorambi',5),('04217','3509043','Sukorambi','Dukuhmencek',7),('04332','3509044','Sukowono','Sukowono',10),('04403','3509045','Tanggul','Tanggul Kulon',6),('04515','3509046','Tanggul','Tanggul Wetan',5),('04610','3509047','Tempurejo','Tempurejo',10),('04776','3509048','Tempurejo','Pondokrejo',10),('04845','3509049','Wuluhan','Wuluhan',8),('04952','3509050','Wuluhan','Tanjungrejo',10),('260001',NULL,'Kaliwates','Tegal Besar',10),('260002',NULL,'Patrang','Jember Lor',10),('260003',NULL,'Sumbersari','Kebonsari',10),('26001','001','Kencong','Kencong',10),('26002','002','Kencong','Paseban',10),('26003','003','Gumukmas','Karangharjo',10);
/*!40000 ALTER TABLE `nks_master` ENABLE KEYS */;
UNLOCK TABLES;

--
-- Table structure for table `penyetoran_dokumen`
--

DROP TABLE IF EXISTS `penyetoran_dokumen`;
/*!40101 SET @saved_cs_client     = @@character_set_client */;
/*!50503 SET character_set_client = utf8mb4 */;
CREATE TABLE `penyetoran_dokumen` (
  `id_penyetoran` int unsigned NOT NULL AUTO_INCREMENT,
  `id_kegiatan` int NOT NULL,
  `nama_pengirim` varchar(100) COLLATE utf8mb4_general_ci NOT NULL,
  `tanggal_penyerahan` date NOT NULL,
  `jenis_dokumen` varchar(100) COLLATE utf8mb4_general_ci NOT NULL,
  `keterangan` text COLLATE utf8mb4_general_ci,
  `file_pendukung` varchar(255) COLLATE utf8mb4_general_ci DEFAULT NULL,
  `id_penyerah` int NOT NULL COMMENT 'User yang menyetor',
  `id_penerima` int DEFAULT NULL COMMENT 'PLS user yang konfirmasi',
  `status` enum('Diserahkan','Diterima','Ditolak') COLLATE utf8mb4_general_ci NOT NULL DEFAULT 'Diserahkan',
  `tanggal_konfirmasi` datetime DEFAULT NULL,
  `catatan_penerima` text COLLATE utf8mb4_general_ci,
  `created_at` timestamp NULL DEFAULT NULL,
  `updated_at` timestamp NULL DEFAULT NULL,
  PRIMARY KEY (`id_penyetoran`),
  KEY `id_kegiatan` (`id_kegiatan`),
  KEY `id_penyerah` (`id_penyerah`),
  KEY `id_penerima` (`id_penerima`)
) ENGINE=InnoDB AUTO_INCREMENT=16 DEFAULT CHARSET=utf8mb4 COLLATE=utf8mb4_general_ci;
/*!40101 SET character_set_client = @saved_cs_client */;

--
-- Dumping data for table `penyetoran_dokumen`
--

LOCK TABLES `penyetoran_dokumen` WRITE;
/*!40000 ALTER TABLE `penyetoran_dokumen` DISABLE KEYS */;
INSERT INTO `penyetoran_dokumen` VALUES (1,4,'Andi Prasetyo','2026-01-05','Kuesioner Sakernas','Batch ke-1 dari tim sosial',NULL,32,42,'Diterima','2026-02-14 18:12:59','Diterima dengan baik','2026-01-04 11:12:59','2026-02-16 11:12:59'),(2,9,'Budi Santoso','2026-01-31','Kuesioner Susenas',NULL,NULL,28,41,'Diterima','2026-02-07 18:12:59','Diterima dengan baik','2026-01-20 11:12:59','2026-02-16 11:12:59'),(3,2,'Citra Dewi','2026-01-05','Kuesioner VIMK',NULL,NULL,39,22,'Ditolak','2026-02-10 18:12:59','Dokumen tidak lengkap, harap lengkapi','2026-02-02 11:12:59','2026-02-16 11:12:59'),(4,5,'Diana Sari','2026-02-14','Daftar SP2D','Batch ke-4 dari tim sosial',NULL,38,NULL,'Diserahkan',NULL,NULL,'2026-01-04 11:12:59','2026-02-16 11:12:59'),(5,10,'Eko Wahyudi','2026-02-11','Daftar SP2D',NULL,NULL,38,46,'Ditolak','2026-02-07 18:12:59','Dokumen tidak lengkap, harap lengkapi','2026-01-05 11:12:59','2026-02-16 11:12:59'),(6,2,'Fitri Handayani','2026-01-02','Kuesioner SBH',NULL,NULL,33,47,'Diterima','2026-02-16 18:12:59','Diterima dengan baik','2026-01-20 11:12:59','2026-02-16 11:12:59'),(7,2,'Galang Putra','2026-02-15','Kuesioner Sakernas','Batch ke-7 dari tim sosial',NULL,40,42,'Diterima','2026-02-13 18:12:59','Diterima dengan baik','2026-02-11 11:12:59','2026-02-16 11:12:59'),(8,7,'Hesti Rahayu','2026-01-05','Kuesioner Sakernas',NULL,NULL,26,49,'Diterima','2026-01-22 18:12:59','Diterima dengan baik','2026-01-30 11:12:59','2026-02-16 11:12:59'),(9,4,'Irfan Maulana','2026-01-22','Kuesioner SBH',NULL,NULL,17,43,'Diterima','2026-01-27 18:12:59','Diterima dengan baik','2026-01-20 11:12:59','2026-02-16 11:12:59'),(10,9,'Joko Widodo','2026-02-12','Daftar SP2D','Batch ke-10 dari tim sosial',NULL,33,NULL,'Diserahkan',NULL,NULL,'2026-01-31 11:12:59','2026-02-16 11:12:59'),(11,8,'Kartika Sari','2026-01-18','Daftar SP2D',NULL,NULL,31,NULL,'Diserahkan',NULL,NULL,'2026-01-30 11:13:00','2026-02-16 11:13:00'),(12,11,'Lukman Hakim','2026-01-21','Kuesioner VIMK',NULL,NULL,26,43,'Ditolak','2026-01-25 18:13:00','Dokumen tidak lengkap, harap lengkapi','2026-01-16 11:13:00','2026-02-16 11:13:00'),(13,2,'Maya Putri','2026-01-17','Kuesioner Sakernas','Batch ke-13 dari tim sosial',NULL,34,45,'Diterima','2026-01-17 18:13:00','Diterima dengan baik','2026-02-14 11:13:00','2026-02-16 11:13:00'),(14,9,'Nanda Pratama','2026-01-07','Kuesioner Susenas',NULL,NULL,28,41,'Diterima','2026-02-15 18:13:00','Diterima dengan baik','2026-01-22 11:13:00','2026-02-16 11:13:00'),(15,8,'Oki Firmansyah','2026-01-06','Kuesioner Susenas',NULL,NULL,33,41,'Diterima','2026-02-01 18:13:00','Diterima dengan baik','2026-01-30 11:13:00','2026-02-16 11:13:00');
/*!40000 ALTER TABLE `penyetoran_dokumen` ENABLE KEYS */;
UNLOCK TABLES;

--
-- Table structure for table `penyetoran_dokumen_detail`
--

DROP TABLE IF EXISTS `penyetoran_dokumen_detail`;
/*!40101 SET @saved_cs_client     = @@character_set_client */;
/*!50503 SET character_set_client = utf8mb4 */;
CREATE TABLE `penyetoran_dokumen_detail` (
  `id_detail` int unsigned NOT NULL AUTO_INCREMENT,
  `id_penyetoran` int unsigned NOT NULL,
  `kode_prop` varchar(2) COLLATE utf8mb4_general_ci NOT NULL,
  `kode_kab` varchar(2) COLLATE utf8mb4_general_ci NOT NULL,
  `kode_nks` varchar(5) COLLATE utf8mb4_general_ci NOT NULL,
  `no_urut_ruta` tinyint unsigned NOT NULL,
  `status_selesai` enum('sudah','belum') COLLATE utf8mb4_general_ci NOT NULL DEFAULT 'belum',
  `tgl_penerimaan` date DEFAULT NULL,
  `created_at` timestamp NULL DEFAULT NULL,
  PRIMARY KEY (`id_detail`),
  KEY `id_penyetoran` (`id_penyetoran`),
  CONSTRAINT `penyetoran_dokumen_detail_id_penyetoran_foreign` FOREIGN KEY (`id_penyetoran`) REFERENCES `penyetoran_dokumen` (`id_penyetoran`) ON DELETE CASCADE ON UPDATE CASCADE
) ENGINE=InnoDB AUTO_INCREMENT=100 DEFAULT CHARSET=utf8mb4 COLLATE=utf8mb4_general_ci;
/*!40101 SET character_set_client = @saved_cs_client */;

--
-- Dumping data for table `penyetoran_dokumen_detail`
--

LOCK TABLES `penyetoran_dokumen_detail` WRITE;
/*!40000 ALTER TABLE `penyetoran_dokumen_detail` DISABLE KEYS */;
INSERT INTO `penyetoran_dokumen_detail` VALUES (1,1,'35','09','39935',1,'sudah','2026-01-25','2026-02-16 11:12:59'),(2,1,'35','09','39935',2,'sudah','2026-02-10','2026-02-16 11:12:59'),(3,1,'35','09','39935',3,'sudah','2026-02-16','2026-02-16 11:12:59'),(4,1,'35','09','39935',4,'sudah','2026-01-31','2026-02-16 11:12:59'),(5,1,'35','09','39935',5,'sudah','2026-01-28','2026-02-16 11:12:59'),(6,1,'35','09','39935',6,'sudah','2026-01-24','2026-02-16 11:12:59'),(7,1,'35','09','39935',7,'sudah','2026-02-10','2026-02-16 11:12:59'),(8,1,'35','09','39935',8,'sudah','2026-02-06','2026-02-16 11:12:59'),(9,2,'35','09','11562',1,'sudah','2026-01-22','2026-02-16 11:12:59'),(10,2,'35','09','11562',2,'sudah','2026-01-20','2026-02-16 11:12:59'),(11,2,'35','09','11562',3,'sudah','2026-02-11','2026-02-16 11:12:59'),(12,2,'35','09','11562',4,'sudah','2026-01-20','2026-02-16 11:12:59'),(13,2,'35','09','11562',5,'sudah','2026-01-23','2026-02-16 11:12:59'),(14,2,'35','09','11562',6,'sudah','2026-01-20','2026-02-16 11:12:59'),(15,2,'35','09','11562',7,'sudah','2026-02-13','2026-02-16 11:12:59'),(16,2,'35','09','11562',8,'sudah','2026-01-25','2026-02-16 11:12:59'),(17,3,'35','09','11298',1,'belum',NULL,'2026-02-16 11:12:59'),(18,3,'35','09','11298',2,'belum',NULL,'2026-02-16 11:12:59'),(19,3,'35','09','11298',3,'belum',NULL,'2026-02-16 11:12:59'),(20,3,'35','09','11298',4,'belum',NULL,'2026-02-16 11:12:59'),(21,3,'35','09','11298',5,'belum',NULL,'2026-02-16 11:12:59'),(22,3,'35','09','11298',6,'belum',NULL,'2026-02-16 11:12:59'),(23,3,'35','09','11298',7,'sudah','2026-01-22','2026-02-16 11:12:59'),(24,3,'35','09','11298',8,'sudah','2026-02-03','2026-02-16 11:12:59'),(25,4,'35','09','11624',1,'belum',NULL,'2026-02-16 11:12:59'),(26,4,'35','09','11624',2,'sudah','2026-01-20','2026-02-16 11:12:59'),(27,4,'35','09','11624',3,'sudah','2026-01-24','2026-02-16 11:12:59'),(28,4,'35','09','11624',4,'belum',NULL,'2026-02-16 11:12:59'),(29,4,'35','09','11624',5,'sudah','2026-02-06','2026-02-16 11:12:59'),(30,4,'35','09','11624',6,'belum',NULL,'2026-02-16 11:12:59'),(31,4,'35','09','11624',7,'sudah','2026-02-06','2026-02-16 11:12:59'),(32,5,'35','09','37332',1,'sudah','2026-02-14','2026-02-16 11:12:59'),(33,5,'35','09','37332',2,'sudah','2026-02-01','2026-02-16 11:12:59'),(34,5,'35','09','37332',3,'sudah','2026-01-26','2026-02-16 11:12:59'),(35,5,'35','09','37332',4,'sudah','2026-01-22','2026-02-16 11:12:59'),(36,5,'35','09','37332',5,'belum',NULL,'2026-02-16 11:12:59'),(37,5,'35','09','37332',6,'belum',NULL,'2026-02-16 11:12:59'),(38,6,'35','09','03930',1,'sudah','2026-01-18','2026-02-16 11:12:59'),(39,6,'35','09','03930',2,'sudah','2026-02-10','2026-02-16 11:12:59'),(40,6,'35','09','03930',3,'sudah','2026-02-03','2026-02-16 11:12:59'),(41,6,'35','09','03930',4,'sudah','2026-02-16','2026-02-16 11:12:59'),(42,6,'35','09','03930',5,'sudah','2026-01-29','2026-02-16 11:12:59'),(43,7,'35','09','92234',1,'sudah','2026-01-25','2026-02-16 11:12:59'),(44,7,'35','09','92234',2,'sudah','2026-01-25','2026-02-16 11:12:59'),(45,7,'35','09','92234',3,'sudah','2026-01-21','2026-02-16 11:12:59'),(46,7,'35','09','92234',4,'sudah','2026-02-04','2026-02-16 11:12:59'),(47,7,'35','09','92234',5,'sudah','2026-02-16','2026-02-16 11:12:59'),(48,7,'35','09','92234',6,'sudah','2026-02-01','2026-02-16 11:12:59'),(49,7,'35','09','92234',7,'sudah','2026-01-27','2026-02-16 11:12:59'),(50,8,'35','09','25530',1,'sudah','2026-01-22','2026-02-16 11:12:59'),(51,8,'35','09','25530',2,'sudah','2026-01-29','2026-02-16 11:12:59'),(52,8,'35','09','25530',3,'sudah','2026-02-10','2026-02-16 11:12:59'),(53,8,'35','09','25530',4,'sudah','2026-02-15','2026-02-16 11:12:59'),(54,8,'35','09','25530',5,'sudah','2026-01-24','2026-02-16 11:12:59'),(55,8,'35','09','25530',6,'sudah','2026-01-28','2026-02-16 11:12:59'),(56,8,'35','09','25530',7,'sudah','2026-01-23','2026-02-16 11:12:59'),(57,8,'35','09','25530',8,'sudah','2026-02-08','2026-02-16 11:12:59'),(58,8,'35','09','25530',9,'sudah','2026-01-29','2026-02-16 11:12:59'),(59,9,'35','09','69054',1,'sudah','2026-01-18','2026-02-16 11:12:59'),(60,9,'35','09','69054',2,'sudah','2026-01-21','2026-02-16 11:12:59'),(61,9,'35','09','69054',3,'sudah','2026-01-17','2026-02-16 11:12:59'),(62,9,'35','09','69054',4,'sudah','2026-02-04','2026-02-16 11:12:59'),(63,9,'35','09','69054',5,'sudah','2026-01-30','2026-02-16 11:12:59'),(64,9,'35','09','69054',6,'sudah','2026-02-16','2026-02-16 11:12:59'),(65,10,'35','09','08788',1,'sudah','2026-01-17','2026-02-16 11:12:59'),(66,10,'35','09','08788',2,'sudah','2026-01-22','2026-02-16 11:12:59'),(67,10,'35','09','08788',3,'sudah','2026-01-24','2026-02-16 11:12:59'),(68,10,'35','09','08788',4,'belum',NULL,'2026-02-16 11:12:59'),(69,10,'35','09','08788',5,'sudah','2026-02-12','2026-02-16 11:12:59'),(70,11,'35','09','09632',1,'sudah','2026-02-05','2026-02-16 11:13:00'),(71,11,'35','09','09632',2,'belum',NULL,'2026-02-16 11:13:00'),(72,11,'35','09','09632',3,'sudah','2026-01-22','2026-02-16 11:13:00'),(73,11,'35','09','09632',4,'belum',NULL,'2026-02-16 11:13:00'),(74,11,'35','09','09632',5,'sudah','2026-01-20','2026-02-16 11:13:00'),(75,12,'35','09','56040',1,'sudah','2026-01-30','2026-02-16 11:13:00'),(76,12,'35','09','56040',2,'belum',NULL,'2026-02-16 11:13:00'),(77,12,'35','09','56040',3,'sudah','2026-02-02','2026-02-16 11:13:00'),(78,12,'35','09','56040',4,'sudah','2026-01-30','2026-02-16 11:13:00'),(79,12,'35','09','56040',5,'belum',NULL,'2026-02-16 11:13:00'),(80,13,'35','09','40251',1,'sudah','2026-01-30','2026-02-16 11:13:00'),(81,13,'35','09','40251',2,'sudah','2026-01-31','2026-02-16 11:13:00'),(82,13,'35','09','40251',3,'sudah','2026-02-02','2026-02-16 11:13:00'),(83,13,'35','09','40251',4,'sudah','2026-01-27','2026-02-16 11:13:00'),(84,13,'35','09','40251',5,'sudah','2026-01-19','2026-02-16 11:13:00'),(85,14,'35','09','34518',1,'sudah','2026-02-10','2026-02-16 11:13:00'),(86,14,'35','09','34518',2,'sudah','2026-02-14','2026-02-16 11:13:00'),(87,14,'35','09','34518',3,'sudah','2026-02-15','2026-02-16 11:13:00'),(88,14,'35','09','34518',4,'sudah','2026-01-31','2026-02-16 11:13:00'),(89,14,'35','09','34518',5,'sudah','2026-01-31','2026-02-16 11:13:00'),(90,15,'35','09','50849',1,'sudah','2026-02-06','2026-02-16 11:13:00'),(91,15,'35','09','50849',2,'sudah','2026-02-03','2026-02-16 11:13:00'),(92,15,'35','09','50849',3,'sudah','2026-01-22','2026-02-16 11:13:00'),(93,15,'35','09','50849',4,'sudah','2026-01-24','2026-02-16 11:13:00'),(94,15,'35','09','50849',5,'sudah','2026-02-02','2026-02-16 11:13:00'),(95,15,'35','09','50849',6,'sudah','2026-01-28','2026-02-16 11:13:00'),(96,15,'35','09','50849',7,'sudah','2026-01-21','2026-02-16 11:13:00'),(97,15,'35','09','50849',8,'sudah','2026-02-14','2026-02-16 11:13:00'),(98,15,'35','09','50849',9,'sudah','2026-01-22','2026-02-16 11:13:00'),(99,15,'35','09','50849',10,'sudah','2026-02-13','2026-02-16 11:13:00');
/*!40000 ALTER TABLE `penyetoran_dokumen_detail` ENABLE KEYS */;
UNLOCK TABLES;

--
-- Table structure for table `presensi`
--

DROP TABLE IF EXISTS `presensi`;
/*!40101 SET @saved_cs_client     = @@character_set_client */;
/*!50503 SET character_set_client = utf8mb4 */;
CREATE TABLE `presensi` (
  `id` int unsigned NOT NULL AUTO_INCREMENT,
  `user_id` int NOT NULL,
  `tgl` date NOT NULL,
  `jam_masuk` time DEFAULT NULL,
  `jam_pulang` time DEFAULT NULL,
  `foto_masuk` varchar(255) DEFAULT NULL,
  `foto_pulang` varchar(255) DEFAULT NULL,
  `lokasi_masuk` text,
  `lokasi_pulang` text,
  `ip_address` varchar(45) DEFAULT NULL,
  `user_agent` varchar(255) DEFAULT NULL,
  PRIMARY KEY (`id`),
  UNIQUE KEY `unique_user_date` (`user_id`,`tgl`)
) ENGINE=InnoDB AUTO_INCREMENT=110 DEFAULT CHARSET=utf8mb4 COLLATE=utf8mb4_0900_ai_ci;
/*!40101 SET character_set_client = @saved_cs_client */;

--
-- Dumping data for table `presensi`
--

LOCK TABLES `presensi` WRITE;
/*!40000 ALTER TABLE `presensi` DISABLE KEYS */;
INSERT INTO `presensi` VALUES (1,18,'2026-02-16','07:51:00',NULL,NULL,NULL,'-8.1752,113.783',NULL,'192.168.1.246','Mozilla/5.0 Chrome/120'),(2,22,'2026-02-16','08:37:00','17:04:00',NULL,NULL,'-8.1770,113.750','-8.1725,113.750','192.168.1.100','Mozilla/5.0 Chrome/122'),(3,42,'2026-02-16','07:43:00',NULL,NULL,NULL,'-8.1721,113.784',NULL,'192.168.1.67','Mozilla/5.0 Chrome/123'),(4,43,'2026-02-16','07:07:00',NULL,NULL,NULL,'-8.1779,113.732',NULL,'192.168.1.186','Mozilla/5.0 Chrome/121'),(5,44,'2026-02-16','08:08:00','15:36:00',NULL,NULL,'-8.1718,113.781','-8.1745,113.791','192.168.1.190','Mozilla/5.0 Chrome/127'),(6,45,'2026-02-16','08:36:00',NULL,NULL,NULL,'-8.1780,113.763',NULL,'192.168.1.98','Mozilla/5.0 Chrome/121'),(7,46,'2026-02-16','07:43:00',NULL,NULL,NULL,'-8.1711,113.735',NULL,'192.168.1.123','Mozilla/5.0 Chrome/121'),(8,48,'2026-02-16','08:37:00',NULL,NULL,NULL,'-8.1711,113.778',NULL,'192.168.1.230','Mozilla/5.0 Chrome/120'),(9,50,'2026-02-16','07:11:00',NULL,NULL,NULL,'-8.1783,113.797',NULL,'192.168.1.247','Mozilla/5.0 Chrome/122'),(10,18,'2026-02-13','07:45:00',NULL,NULL,NULL,'-8.1712,113.778',NULL,'192.168.1.219','Mozilla/5.0 Chrome/128'),(11,19,'2026-02-13','07:19:00',NULL,NULL,NULL,'-8.1713,113.786',NULL,'192.168.1.65','Mozilla/5.0 Chrome/129'),(12,22,'2026-02-13','07:27:00','16:56:00',NULL,NULL,'-8.1737,113.783','-8.1742,113.712','192.168.1.193','Mozilla/5.0 Chrome/121'),(13,41,'2026-02-13','07:42:00',NULL,NULL,NULL,'-8.1777,113.735',NULL,'192.168.1.124','Mozilla/5.0 Chrome/125'),(14,42,'2026-02-13','08:47:00','16:40:00',NULL,NULL,'-8.1752,113.738','-8.1745,113.761','192.168.1.232','Mozilla/5.0 Chrome/125'),(15,43,'2026-02-13','08:38:00',NULL,NULL,NULL,'-8.1796,113.768',NULL,'192.168.1.237','Mozilla/5.0 Chrome/129'),(16,44,'2026-02-13','08:08:00','17:47:00',NULL,NULL,'-8.1728,113.785','-8.1718,113.797','192.168.1.252','Mozilla/5.0 Chrome/129'),(17,45,'2026-02-13','08:22:00','15:12:00',NULL,NULL,'-8.1738,113.779','-8.1755,113.787','192.168.1.139','Mozilla/5.0 Chrome/129'),(18,46,'2026-02-13','08:26:00','17:33:00',NULL,NULL,'-8.1716,113.719','-8.1714,113.743','192.168.1.29','Mozilla/5.0 Chrome/125'),(19,47,'2026-02-13','07:10:00',NULL,NULL,NULL,'-8.1726,113.779',NULL,'192.168.1.205','Mozilla/5.0 Chrome/120'),(20,48,'2026-02-13','07:28:00','17:36:00',NULL,NULL,'-8.1782,113.793','-8.1721,113.747','192.168.1.41','Mozilla/5.0 Chrome/125'),(21,49,'2026-02-13','07:33:00',NULL,NULL,NULL,'-8.1740,113.737',NULL,'192.168.1.185','Mozilla/5.0 Chrome/128'),(22,50,'2026-02-13','08:59:00',NULL,NULL,NULL,'-8.1738,113.718',NULL,'192.168.1.87','Mozilla/5.0 Chrome/120'),(23,18,'2026-02-12','08:19:00',NULL,NULL,NULL,'-8.1777,113.749',NULL,'192.168.1.92','Mozilla/5.0 Chrome/126'),(24,19,'2026-02-12','08:16:00',NULL,NULL,NULL,'-8.1732,113.725',NULL,'192.168.1.55','Mozilla/5.0 Chrome/125'),(25,22,'2026-02-12','08:19:00',NULL,NULL,NULL,'-8.1738,113.791',NULL,'192.168.1.208','Mozilla/5.0 Chrome/128'),(26,42,'2026-02-12','07:15:00','16:53:00',NULL,NULL,'-8.1737,113.732','-8.1799,113.755','192.168.1.78','Mozilla/5.0 Chrome/126'),(27,43,'2026-02-12','07:16:00','17:00:00',NULL,NULL,'-8.1727,113.739','-8.1739,113.795','192.168.1.29','Mozilla/5.0 Chrome/126'),(28,44,'2026-02-12','07:17:00',NULL,NULL,NULL,'-8.1761,113.779',NULL,'192.168.1.22','Mozilla/5.0 Chrome/121'),(29,45,'2026-02-12','07:24:00','15:01:00',NULL,NULL,'-8.1778,113.778','-8.1751,113.731','192.168.1.161','Mozilla/5.0 Chrome/123'),(30,46,'2026-02-12','07:15:00','16:50:00',NULL,NULL,'-8.1779,113.712','-8.1734,113.749','192.168.1.16','Mozilla/5.0 Chrome/129'),(31,47,'2026-02-12','08:05:00',NULL,NULL,NULL,'-8.1714,113.713',NULL,'192.168.1.227','Mozilla/5.0 Chrome/125'),(32,48,'2026-02-12','08:56:00','16:03:00',NULL,NULL,'-8.1762,113.786','-8.1771,113.799','192.168.1.27','Mozilla/5.0 Chrome/129'),(33,50,'2026-02-12','07:10:00',NULL,NULL,NULL,'-8.1715,113.749',NULL,'192.168.1.252','Mozilla/5.0 Chrome/129'),(34,18,'2026-02-11','07:22:00','16:39:00',NULL,NULL,'-8.1726,113.711','-8.1732,113.739','192.168.1.158','Mozilla/5.0 Chrome/126'),(35,22,'2026-02-11','08:02:00',NULL,NULL,NULL,'-8.1748,113.779',NULL,'192.168.1.18','Mozilla/5.0 Chrome/126'),(36,41,'2026-02-11','08:52:00',NULL,NULL,NULL,'-8.1720,113.716',NULL,'192.168.1.43','Mozilla/5.0 Chrome/123'),(37,42,'2026-02-11','08:44:00','15:54:00',NULL,NULL,'-8.1766,113.729','-8.1730,113.727','192.168.1.59','Mozilla/5.0 Chrome/126'),(38,43,'2026-02-11','07:23:00',NULL,NULL,NULL,'-8.1746,113.758',NULL,'192.168.1.206','Mozilla/5.0 Chrome/126'),(39,44,'2026-02-11','07:57:00',NULL,NULL,NULL,'-8.1773,113.715',NULL,'192.168.1.135','Mozilla/5.0 Chrome/128'),(40,45,'2026-02-11','08:59:00',NULL,NULL,NULL,'-8.1757,113.767',NULL,'192.168.1.34','Mozilla/5.0 Chrome/120'),(41,46,'2026-02-11','08:25:00','15:33:00',NULL,NULL,'-8.1722,113.770','-8.1763,113.771','192.168.1.244','Mozilla/5.0 Chrome/121'),(42,47,'2026-02-11','08:27:00','15:15:00',NULL,NULL,'-8.1732,113.719','-8.1754,113.743','192.168.1.137','Mozilla/5.0 Chrome/127'),(43,48,'2026-02-11','07:09:00','17:29:00',NULL,NULL,'-8.1731,113.755','-8.1721,113.713','192.168.1.144','Mozilla/5.0 Chrome/120'),(44,49,'2026-02-11','08:43:00','15:07:00',NULL,NULL,'-8.1740,113.764','-8.1758,113.769','192.168.1.151','Mozilla/5.0 Chrome/123'),(45,50,'2026-02-11','08:25:00','16:53:00',NULL,NULL,'-8.1711,113.765','-8.1753,113.793','192.168.1.4','Mozilla/5.0 Chrome/121'),(46,18,'2026-02-10','08:51:00',NULL,NULL,NULL,'-8.1750,113.769',NULL,'192.168.1.126','Mozilla/5.0 Chrome/127'),(47,19,'2026-02-10','08:19:00',NULL,NULL,NULL,'-8.1740,113.722',NULL,'192.168.1.128','Mozilla/5.0 Chrome/123'),(48,42,'2026-02-10','07:20:00',NULL,NULL,NULL,'-8.1745,113.747',NULL,'192.168.1.159','Mozilla/5.0 Chrome/125'),(49,43,'2026-02-10','08:51:00',NULL,NULL,NULL,'-8.1731,113.763',NULL,'192.168.1.57','Mozilla/5.0 Chrome/128'),(50,44,'2026-02-10','07:50:00',NULL,NULL,NULL,'-8.1730,113.722',NULL,'192.168.1.184','Mozilla/5.0 Chrome/123'),(51,45,'2026-02-10','07:18:00','17:38:00',NULL,NULL,'-8.1767,113.758','-8.1722,113.780','192.168.1.64','Mozilla/5.0 Chrome/127'),(52,46,'2026-02-10','08:46:00',NULL,NULL,NULL,'-8.1777,113.789',NULL,'192.168.1.53','Mozilla/5.0 Chrome/128'),(53,47,'2026-02-10','08:54:00','16:04:00',NULL,NULL,'-8.1740,113.787','-8.1729,113.759','192.168.1.39','Mozilla/5.0 Chrome/127'),(54,48,'2026-02-10','07:03:00','15:02:00',NULL,NULL,'-8.1718,113.716','-8.1738,113.786','192.168.1.176','Mozilla/5.0 Chrome/121'),(55,49,'2026-02-10','07:32:00','15:08:00',NULL,NULL,'-8.1723,113.715','-8.1713,113.747','192.168.1.73','Mozilla/5.0 Chrome/123'),(56,50,'2026-02-10','08:55:00',NULL,NULL,NULL,'-8.1788,113.782',NULL,'192.168.1.245','Mozilla/5.0 Chrome/127'),(57,18,'2026-02-09','08:49:00','15:18:00',NULL,NULL,'-8.1711,113.781','-8.1794,113.733','192.168.1.242','Mozilla/5.0 Chrome/129'),(58,19,'2026-02-09','08:24:00',NULL,NULL,NULL,'-8.1774,113.736',NULL,'192.168.1.224','Mozilla/5.0 Chrome/127'),(59,22,'2026-02-09','07:31:00',NULL,NULL,NULL,'-8.1751,113.754',NULL,'192.168.1.142','Mozilla/5.0 Chrome/126'),(60,41,'2026-02-09','08:28:00',NULL,NULL,NULL,'-8.1732,113.773',NULL,'192.168.1.252','Mozilla/5.0 Chrome/124'),(61,42,'2026-02-09','07:11:00','16:16:00',NULL,NULL,'-8.1764,113.734','-8.1726,113.796','192.168.1.204','Mozilla/5.0 Chrome/126'),(62,43,'2026-02-09','07:24:00','15:20:00',NULL,NULL,'-8.1731,113.737','-8.1767,113.793','192.168.1.111','Mozilla/5.0 Chrome/120'),(63,44,'2026-02-09','07:39:00','16:57:00',NULL,NULL,'-8.1766,113.745','-8.1785,113.712','192.168.1.75','Mozilla/5.0 Chrome/126'),(64,45,'2026-02-09','08:25:00',NULL,NULL,NULL,'-8.1712,113.797',NULL,'192.168.1.207','Mozilla/5.0 Chrome/125'),(65,46,'2026-02-09','07:52:00','17:13:00',NULL,NULL,'-8.1782,113.743','-8.1789,113.769','192.168.1.70','Mozilla/5.0 Chrome/127'),(66,47,'2026-02-09','08:32:00',NULL,NULL,NULL,'-8.1731,113.730',NULL,'192.168.1.68','Mozilla/5.0 Chrome/124'),(67,48,'2026-02-09','07:42:00',NULL,NULL,NULL,'-8.1748,113.737',NULL,'192.168.1.140','Mozilla/5.0 Chrome/128'),(68,49,'2026-02-09','07:21:00',NULL,NULL,NULL,'-8.1735,113.713',NULL,'192.168.1.215','Mozilla/5.0 Chrome/126'),(69,50,'2026-02-09','07:31:00','15:47:00',NULL,NULL,'-8.1743,113.762','-8.1778,113.783','192.168.1.83','Mozilla/5.0 Chrome/123'),(70,18,'2026-02-06','08:04:00',NULL,NULL,NULL,'-8.1760,113.774',NULL,'192.168.1.221','Mozilla/5.0 Chrome/129'),(71,19,'2026-02-06','07:42:00',NULL,NULL,NULL,'-8.1757,113.738',NULL,'192.168.1.104','Mozilla/5.0 Chrome/129'),(72,22,'2026-02-06','07:24:00','15:53:00',NULL,NULL,'-8.1754,113.775','-8.1788,113.791','192.168.1.46','Mozilla/5.0 Chrome/124'),(73,41,'2026-02-06','08:13:00',NULL,NULL,NULL,'-8.1729,113.711',NULL,'192.168.1.3','Mozilla/5.0 Chrome/123'),(74,42,'2026-02-06','07:11:00','16:17:00',NULL,NULL,'-8.1767,113.765','-8.1781,113.789','192.168.1.20','Mozilla/5.0 Chrome/124'),(75,43,'2026-02-06','08:12:00','17:06:00',NULL,NULL,'-8.1775,113.752','-8.1755,113.723','192.168.1.7','Mozilla/5.0 Chrome/124'),(76,44,'2026-02-06','07:26:00','15:10:00',NULL,NULL,'-8.1750,113.773','-8.1771,113.780','192.168.1.228','Mozilla/5.0 Chrome/128'),(77,47,'2026-02-06','08:59:00','15:15:00',NULL,NULL,'-8.1738,113.791','-8.1747,113.737','192.168.1.51','Mozilla/5.0 Chrome/127'),(78,48,'2026-02-06','07:44:00',NULL,NULL,NULL,'-8.1769,113.773',NULL,'192.168.1.254','Mozilla/5.0 Chrome/124'),(79,49,'2026-02-06','08:43:00',NULL,NULL,NULL,'-8.1785,113.784',NULL,'192.168.1.149','Mozilla/5.0 Chrome/122'),(80,18,'2026-02-05','08:02:00','15:00:00',NULL,NULL,'-8.1775,113.788','-8.1797,113.732','192.168.1.55','Mozilla/5.0 Chrome/123'),(81,19,'2026-02-05','07:37:00','15:53:00',NULL,NULL,'-8.1797,113.783','-8.1771,113.779','192.168.1.129','Mozilla/5.0 Chrome/128'),(82,41,'2026-02-05','08:55:00',NULL,NULL,NULL,'-8.1738,113.746',NULL,'192.168.1.93','Mozilla/5.0 Chrome/127'),(83,42,'2026-02-05','07:07:00',NULL,NULL,NULL,'-8.1764,113.777',NULL,'192.168.1.74','Mozilla/5.0 Chrome/121'),(84,44,'2026-02-05','07:07:00',NULL,NULL,NULL,'-8.1782,113.744',NULL,'192.168.1.228','Mozilla/5.0 Chrome/121'),(85,45,'2026-02-05','08:10:00',NULL,NULL,NULL,'-8.1788,113.797',NULL,'192.168.1.207','Mozilla/5.0 Chrome/128'),(86,46,'2026-02-05','07:13:00',NULL,NULL,NULL,'-8.1727,113.712',NULL,'192.168.1.117','Mozilla/5.0 Chrome/124'),(87,47,'2026-02-05','08:16:00',NULL,NULL,NULL,'-8.1728,113.782',NULL,'192.168.1.43','Mozilla/5.0 Chrome/129'),(88,49,'2026-02-05','08:06:00','15:45:00',NULL,NULL,'-8.1780,113.796','-8.1790,113.723','192.168.1.63','Mozilla/5.0 Chrome/123'),(89,50,'2026-02-05','08:17:00',NULL,NULL,NULL,'-8.1757,113.713',NULL,'192.168.1.135','Mozilla/5.0 Chrome/124'),(90,18,'2026-02-04','07:33:00',NULL,NULL,NULL,'-8.1731,113.772',NULL,'192.168.1.248','Mozilla/5.0 Chrome/129'),(91,19,'2026-02-04','07:11:00','17:47:00',NULL,NULL,'-8.1718,113.756','-8.1790,113.743','192.168.1.124','Mozilla/5.0 Chrome/120'),(92,41,'2026-02-04','08:41:00','16:53:00',NULL,NULL,'-8.1738,113.738','-8.1776,113.754','192.168.1.205','Mozilla/5.0 Chrome/123'),(93,42,'2026-02-04','08:21:00','15:34:00',NULL,NULL,'-8.1728,113.712','-8.1731,113.730','192.168.1.123','Mozilla/5.0 Chrome/121'),(94,44,'2026-02-04','07:01:00',NULL,NULL,NULL,'-8.1774,113.738',NULL,'192.168.1.22','Mozilla/5.0 Chrome/129'),(95,47,'2026-02-04','08:03:00',NULL,NULL,NULL,'-8.1736,113.737',NULL,'192.168.1.168','Mozilla/5.0 Chrome/129'),(96,48,'2026-02-04','08:07:00','15:46:00',NULL,NULL,'-8.1780,113.771','-8.1746,113.718','192.168.1.254','Mozilla/5.0 Chrome/124'),(97,49,'2026-02-04','07:30:00','17:40:00',NULL,NULL,'-8.1740,113.777','-8.1713,113.741','192.168.1.99','Mozilla/5.0 Chrome/127'),(98,50,'2026-02-04','08:32:00','15:19:00',NULL,NULL,'-8.1761,113.799','-8.1731,113.748','192.168.1.68','Mozilla/5.0 Chrome/126'),(99,18,'2026-02-03','07:09:00','16:58:00',NULL,NULL,'-8.1782,113.728','-8.1796,113.716','192.168.1.65','Mozilla/5.0 Chrome/127'),(100,22,'2026-02-03','07:45:00','16:29:00',NULL,NULL,'-8.1714,113.738','-8.1718,113.738','192.168.1.65','Mozilla/5.0 Chrome/127'),(101,41,'2026-02-03','07:11:00',NULL,NULL,NULL,'-8.1788,113.758',NULL,'192.168.1.242','Mozilla/5.0 Chrome/122'),(102,42,'2026-02-03','08:48:00','16:26:00',NULL,NULL,'-8.1791,113.778','-8.1714,113.778','192.168.1.124','Mozilla/5.0 Chrome/124'),(103,43,'2026-02-03','07:06:00',NULL,NULL,NULL,'-8.1765,113.776',NULL,'192.168.1.77','Mozilla/5.0 Chrome/124'),(104,44,'2026-02-03','08:23:00','15:33:00',NULL,NULL,'-8.1791,113.779','-8.1782,113.731','192.168.1.64','Mozilla/5.0 Chrome/121'),(105,45,'2026-02-03','08:19:00','15:58:00',NULL,NULL,'-8.1738,113.737','-8.1725,113.743','192.168.1.84','Mozilla/5.0 Chrome/123'),(106,47,'2026-02-03','07:14:00',NULL,NULL,NULL,'-8.1784,113.737',NULL,'192.168.1.237','Mozilla/5.0 Chrome/127'),(107,48,'2026-02-03','07:58:00',NULL,NULL,NULL,'-8.1780,113.791',NULL,'192.168.1.35','Mozilla/5.0 Chrome/127'),(108,49,'2026-02-03','08:20:00',NULL,NULL,NULL,'-8.1776,113.740',NULL,'192.168.1.3','Mozilla/5.0 Chrome/125'),(109,50,'2026-02-03','08:38:00',NULL,NULL,NULL,'-8.1777,113.732',NULL,'192.168.1.218','Mozilla/5.0 Chrome/127');
/*!40000 ALTER TABLE `presensi` ENABLE KEYS */;
UNLOCK TABLES;

--
-- Table structure for table `roles`
--

DROP TABLE IF EXISTS `roles`;
/*!40101 SET @saved_cs_client     = @@character_set_client */;
/*!50503 SET character_set_client = utf8mb4 */;
CREATE TABLE `roles` (
  `id_role` int NOT NULL AUTO_INCREMENT,
  `role_name` varchar(50) NOT NULL,
  `description` text,
  PRIMARY KEY (`id_role`)
) ENGINE=InnoDB AUTO_INCREMENT=7 DEFAULT CHARSET=utf8mb4 COLLATE=utf8mb4_0900_ai_ci;
/*!40101 SET character_set_client = @saved_cs_client */;

--
-- Dumping data for table `roles`
--

LOCK TABLES `roles` WRITE;
/*!40000 ALTER TABLE `roles` DISABLE KEYS */;
INSERT INTO `roles` VALUES (1,'Administrator','Super user with full access'),(3,'Petugas Pendataan (PCL)','Mitra Lapangan - Field Enumerator'),(4,'Petugas Pengolahan','Mitra Entry/Editing - Data Processor'),(5,'Pengawas Lapangan (PML)','Field Supervisor'),(6,'Pengawas Pengolahan','Processing Supervisor');
/*!40000 ALTER TABLE `roles` ENABLE KEYS */;
UNLOCK TABLES;

--
-- Table structure for table `tanda_terima`
--

DROP TABLE IF EXISTS `tanda_terima`;
/*!40101 SET @saved_cs_client     = @@character_set_client */;
/*!50503 SET character_set_client = utf8mb4 */;
CREATE TABLE `tanda_terima` (
  `id` int NOT NULL AUTO_INCREMENT,
  `nks` varchar(10) COLLATE utf8mb4_general_ci DEFAULT NULL,
  `jml_ruta_terima` int DEFAULT NULL,
  `tgl_terima` date DEFAULT NULL,
  `created_at` datetime DEFAULT CURRENT_TIMESTAMP,
  PRIMARY KEY (`id`)
) ENGINE=InnoDB AUTO_INCREMENT=82 DEFAULT CHARSET=utf8mb4 COLLATE=utf8mb4_general_ci;
/*!40101 SET character_set_client = @saved_cs_client */;

--
-- Dumping data for table `tanda_terima`
--

LOCK TABLES `tanda_terima` WRITE;
/*!40000 ALTER TABLE `tanda_terima` DISABLE KEYS */;
INSERT INTO `tanda_terima` VALUES (1,'260001',10,'2026-02-14','2026-02-15 21:25:37'),(2,'260002',4,'2026-02-15','2026-02-15 21:25:37'),(3,'260001',10,'2026-02-14','2026-02-15 21:31:45'),(4,'260002',4,'2026-02-15','2026-02-15 21:31:45'),(5,'26001',10,'2026-02-15','2026-02-15 23:51:36'),(6,'26002',6,'2026-02-15','2026-02-15 23:51:36'),(7,'26003',4,'2026-02-15','2026-02-15 23:51:36'),(8,'00051',5,'2026-02-09','2025-12-23 18:12:59'),(9,'00110',6,'2025-12-23','2026-01-03 18:12:59'),(10,'00110',8,'2026-02-06','2026-01-22 18:12:59'),(11,'00203',5,'2026-02-04','2025-12-29 18:12:59'),(12,'00203',3,'2025-12-24','2025-12-28 18:12:59'),(13,'00363',7,'2025-12-19','2026-01-18 18:12:59'),(14,'00363',4,'2025-12-24','2025-12-21 18:12:59'),(15,'00489',4,'2026-01-19','2026-02-01 18:12:59'),(16,'00489',10,'2026-01-13','2025-12-21 18:12:59'),(17,'00557',8,'2026-01-14','2026-01-23 18:12:59'),(18,'00557',7,'2026-02-10','2026-01-23 18:12:59'),(19,'00677',3,'2026-02-11','2026-01-06 18:12:59'),(20,'00677',10,'2025-12-24','2025-12-20 18:12:59'),(21,'00767',3,'2026-01-17','2026-01-10 18:12:59'),(22,'00857',5,'2026-01-31','2026-02-06 18:12:59'),(23,'00968',7,'2026-01-27','2025-12-18 18:12:59'),(24,'00968',8,'2026-01-13','2026-02-04 18:12:59'),(25,'01086',2,'2026-01-30','2026-01-19 18:12:59'),(26,'01166',9,'2026-01-12','2026-02-08 18:12:59'),(27,'01166',7,'2026-01-12','2026-01-16 18:12:59'),(28,'01204',4,'2026-01-04','2025-12-18 18:12:59'),(29,'01340',7,'2026-02-04','2026-02-14 18:12:59'),(30,'01340',9,'2026-02-08','2026-02-07 18:12:59'),(31,'01443',10,'2025-12-27','2026-01-12 18:12:59'),(32,'01532',3,'2026-01-14','2026-01-27 18:12:59'),(33,'01532',6,'2025-12-21','2026-01-03 18:12:59'),(34,'01642',4,'2026-01-13','2025-12-28 18:12:59'),(35,'01642',6,'2026-01-14','2026-02-06 18:12:59'),(36,'01797',2,'2026-02-07','2026-02-09 18:12:59'),(37,'01797',3,'2026-02-06','2026-01-04 18:12:59'),(38,'01821',2,'2026-01-08','2026-02-15 18:12:59'),(39,'01945',8,'2026-01-28','2026-02-05 18:12:59'),(40,'01945',2,'2026-02-15','2026-02-10 18:12:59'),(41,'02021',9,'2026-01-31','2026-01-09 18:12:59'),(42,'02159',4,'2026-02-14','2026-01-03 18:12:59'),(43,'02218',3,'2026-01-18','2026-01-13 18:12:59'),(44,'02303',5,'2026-01-30','2026-01-07 18:12:59'),(45,'02303',9,'2026-01-04','2026-02-13 18:12:59'),(46,'02424',7,'2026-01-02','2026-02-13 18:12:59'),(47,'02424',8,'2025-12-27','2025-12-29 18:12:59'),(48,'02568',9,'2026-01-06','2026-02-02 18:12:59'),(49,'02568',4,'2026-01-23','2026-01-19 18:12:59'),(50,'02616',2,'2026-01-11','2026-01-11 18:12:59'),(51,'02744',3,'2026-01-22','2025-12-25 18:12:59'),(52,'02842',6,'2025-12-25','2026-01-07 18:12:59'),(53,'02944',7,'2026-02-09','2026-01-28 18:12:59'),(54,'02944',4,'2026-01-03','2026-02-11 18:12:59'),(55,'03051',2,'2026-01-08','2026-01-24 18:12:59'),(56,'03141',3,'2025-12-30','2026-02-11 18:12:59'),(57,'03234',6,'2026-01-02','2026-01-03 18:12:59'),(58,'03234',9,'2026-02-11','2026-02-06 18:12:59'),(59,'03343',1,'2026-01-07','2026-01-05 18:12:59'),(60,'03343',6,'2025-12-23','2026-02-03 18:12:59'),(61,'03433',5,'2026-01-01','2026-01-23 18:12:59'),(62,'03528',3,'2026-01-18','2026-02-15 18:12:59'),(63,'03528',6,'2026-01-21','2026-02-11 18:12:59'),(64,'03689',4,'2025-12-18','2026-01-26 18:12:59'),(65,'03765',5,'2026-01-26','2025-12-18 18:12:59'),(66,'03812',7,'2026-02-12','2025-12-30 18:12:59'),(67,'03984',6,'2026-02-04','2026-01-07 18:12:59'),(68,'04065',8,'2026-02-13','2026-02-04 18:12:59'),(69,'04157',9,'2026-02-09','2026-01-18 18:12:59'),(70,'04157',8,'2026-02-09','2026-02-07 18:12:59'),(71,'04217',9,'2026-02-08','2026-02-10 18:12:59'),(72,'04332',5,'2026-01-30','2025-12-30 18:12:59'),(73,'04403',10,'2026-01-24','2026-01-06 18:12:59'),(74,'04403',4,'2026-02-12','2026-02-14 18:12:59'),(75,'04515',3,'2025-12-30','2026-01-25 18:12:59'),(76,'04610',9,'2025-12-26','2025-12-30 18:12:59'),(77,'04610',2,'2026-01-19','2026-02-14 18:12:59'),(78,'04776',3,'2026-01-24','2025-12-30 18:12:59'),(79,'04845',7,'2026-01-09','2026-01-21 18:12:59'),(80,'04845',3,'2026-01-24','2026-01-04 18:12:59'),(81,'04952',5,'2026-01-30','2026-02-02 18:12:59');
/*!40000 ALTER TABLE `tanda_terima` ENABLE KEYS */;
UNLOCK TABLES;

--
-- Table structure for table `uji_petik`
--

DROP TABLE IF EXISTS `uji_petik`;
/*!40101 SET @saved_cs_client     = @@character_set_client */;
/*!50503 SET character_set_client = utf8mb4 */;
CREATE TABLE `uji_petik` (
  `id` int unsigned NOT NULL AUTO_INCREMENT,
  `nks` varchar(10) COLLATE utf8mb4_general_ci NOT NULL,
  `no_ruta` int NOT NULL,
  `variabel` varchar(100) COLLATE utf8mb4_general_ci NOT NULL,
  `isian_k` varchar(255) COLLATE utf8mb4_general_ci NOT NULL COMMENT 'Isian Dokumen Fisik',
  `isian_c` varchar(255) COLLATE utf8mb4_general_ci NOT NULL COMMENT 'Isian Komputer',
  `alasan_kesalahan` enum('Salah Ketik','Salah Baca','Terlewat','Salah Kode','Lainnya') COLLATE utf8mb4_general_ci NOT NULL,
  `catatan` text COLLATE utf8mb4_general_ci,
  `created_at` datetime DEFAULT NULL,
  `updated_at` datetime DEFAULT NULL,
  PRIMARY KEY (`id`),
  KEY `nks` (`nks`)
) ENGINE=InnoDB AUTO_INCREMENT=81 DEFAULT CHARSET=utf8mb4 COLLATE=utf8mb4_general_ci;
/*!40101 SET character_set_client = @saved_cs_client */;

--
-- Dumping data for table `uji_petik`
--

LOCK TABLES `uji_petik` WRITE;
/*!40000 ALTER TABLE `uji_petik` DISABLE KEYS */;
INSERT INTO `uji_petik` VALUES (1,'00363',5,'R501 Status Pekerjaan','Kuesioner: 9649','Corrected: 3050','Salah Kode','Sudah dikonfirmasi ke responden','2026-01-04 18:12:59','2026-02-16 18:12:59'),(2,'01945',6,'R401 Pendapatan','Kuesioner: 7592','Corrected: 8622','Terlewat',NULL,'2026-01-04 18:12:59','2026-02-16 18:12:59'),(3,'00203',8,'R502 Lapangan Usaha','Kuesioner: 4981','Corrected: 3261','Lainnya',NULL,'2026-02-12 18:12:59','2026-02-16 18:12:59'),(4,'00857',4,'R302 Umur','Kuesioner: 8300','Corrected: 6949','Terlewat',NULL,'2026-02-11 18:12:59','2026-02-16 18:12:59'),(5,'01821',4,'R310 Pendidikan','Kuesioner: 4346','Corrected: 9573','Lainnya','Sudah dikonfirmasi ke responden','2026-01-23 18:12:59','2026-02-16 18:12:59'),(6,'04332',2,'R402 Pengeluaran Non-Pangan','Kuesioner: 2588','Corrected: 5756','Salah Kode',NULL,'2026-01-21 18:12:59','2026-02-16 18:12:59'),(7,'03141',8,'R302 Umur','Kuesioner: 8883','Corrected: 3148','Salah Ketik',NULL,'2026-02-13 18:12:59','2026-02-16 18:12:59'),(8,'00051',1,'R402 Pengeluaran Non-Pangan','Kuesioner: 4108','Corrected: 4198','Salah Ketik',NULL,'2026-01-17 18:12:59','2026-02-16 18:12:59'),(9,'02218',2,'R301 Jenis Kelamin','Kuesioner: 9023','Corrected: 6570','Salah Kode','Sudah dikonfirmasi ke responden','2026-01-02 18:12:59','2026-02-16 18:12:59'),(10,'00363',7,'R302 Umur','Kuesioner: 9259','Corrected: 9853','Lainnya',NULL,'2026-01-20 18:12:59','2026-02-16 18:12:59'),(11,'00110',9,'R503 Jam Kerja','Kuesioner: 5382','Corrected: 7925','Terlewat',NULL,'2026-01-11 18:12:59','2026-02-16 18:12:59'),(12,'03051',6,'R303 Status Kawin','Kuesioner: 7738','Corrected: 3848','Salah Baca',NULL,'2026-01-22 18:12:59','2026-02-16 18:12:59'),(13,'00363',9,'R402 Pengeluaran Non-Pangan','Kuesioner: 2975','Corrected: 9898','Terlewat','Sudah dikonfirmasi ke responden','2026-01-17 18:12:59','2026-02-16 18:12:59'),(14,'04610',1,'R301 Jenis Kelamin','Kuesioner: 207','Corrected: 370','Salah Kode',NULL,'2026-01-02 18:12:59','2026-02-16 18:12:59'),(15,'02159',9,'R501 Status Pekerjaan','Kuesioner: 7960','Corrected: 8890','Terlewat',NULL,'2026-01-09 18:12:59','2026-02-16 18:12:59'),(16,'04952',3,'R302 Umur','Kuesioner: 2911','Corrected: 9485','Terlewat',NULL,'2026-02-06 18:12:59','2026-02-16 18:12:59'),(17,'01532',9,'R503 Jam Kerja','Kuesioner: 8902','Corrected: 9430','Terlewat','Sudah dikonfirmasi ke responden','2026-02-14 18:12:59','2026-02-16 18:12:59'),(18,'02842',4,'R401 Pengeluaran Pangan','Kuesioner: 9195','Corrected: 1585','Salah Ketik',NULL,'2026-01-24 18:12:59','2026-02-16 18:12:59'),(19,'04403',8,'R303 Status Kawin','Kuesioner: 5268','Corrected: 8136','Salah Ketik',NULL,'2026-01-24 18:12:59','2026-02-16 18:12:59'),(20,'03343',5,'R301 Jenis Kelamin','Kuesioner: 439','Corrected: 8692','Salah Baca',NULL,'2026-01-08 18:12:59','2026-02-16 18:12:59'),(21,'02424',10,'R303 Status Kawin','Kuesioner: 607','Corrected: 6333','Salah Ketik','Sudah dikonfirmasi ke responden','2026-01-29 18:12:59','2026-02-16 18:12:59'),(22,'03343',9,'R501 Status Pekerjaan','Kuesioner: 6679','Corrected: 245','Terlewat',NULL,'2026-01-03 18:12:59','2026-02-16 18:12:59'),(23,'02744',5,'R303 Status Kawin','Kuesioner: 9332','Corrected: 6465','Salah Kode',NULL,'2026-02-06 18:12:59','2026-02-16 18:12:59'),(24,'02744',9,'R401 Pengeluaran Pangan','Kuesioner: 9760','Corrected: 337','Salah Kode',NULL,'2026-01-06 18:12:59','2026-02-16 18:12:59'),(25,'04952',1,'R310 Pendidikan','Kuesioner: 2175','Corrected: 2927','Salah Baca','Sudah dikonfirmasi ke responden','2026-01-24 18:12:59','2026-02-16 18:12:59'),(26,'02424',2,'R301 Jenis Kelamin','Kuesioner: 9051','Corrected: 8157','Lainnya',NULL,'2026-02-08 18:12:59','2026-02-16 18:12:59'),(27,'02616',3,'R503 Jam Kerja','Kuesioner: 1286','Corrected: 2928','Salah Baca',NULL,'2026-02-12 18:12:59','2026-02-16 18:12:59'),(28,'00363',2,'R301 Jenis Kelamin','Kuesioner: 882','Corrected: 9065','Salah Baca',NULL,'2026-01-11 18:12:59','2026-02-16 18:12:59'),(29,'01340',6,'R402 Pengeluaran Non-Pangan','Kuesioner: 5012','Corrected: 4174','Salah Baca','Sudah dikonfirmasi ke responden','2026-01-06 18:12:59','2026-02-16 18:12:59'),(30,'00857',8,'R401 Pengeluaran Pangan','Kuesioner: 4977','Corrected: 3875','Lainnya',NULL,'2026-01-30 18:12:59','2026-02-16 18:12:59'),(31,'02744',6,'R502 Lapangan Usaha','Kuesioner: 5867','Corrected: 1981','Salah Kode',NULL,'2026-01-12 18:12:59','2026-02-16 18:12:59'),(32,'02218',3,'R401 Pengeluaran Pangan','Kuesioner: 2600','Corrected: 5198','Salah Ketik',NULL,'2026-01-14 18:12:59','2026-02-16 18:12:59'),(33,'01166',10,'R401 Pendapatan','Kuesioner: 2456','Corrected: 869','Salah Kode','Sudah dikonfirmasi ke responden','2026-01-17 18:12:59','2026-02-16 18:12:59'),(34,'00051',1,'R301 Jenis Kelamin','Kuesioner: 6170','Corrected: 2818','Terlewat',NULL,'2026-02-03 18:12:59','2026-02-16 18:12:59'),(35,'02842',7,'R402 Pengeluaran Non-Pangan','Kuesioner: 8826','Corrected: 1272','Salah Kode',NULL,'2026-02-15 18:12:59','2026-02-16 18:12:59'),(36,'02159',5,'R402 Pengeluaran Non-Pangan','Kuesioner: 8837','Corrected: 3136','Salah Ketik',NULL,'2026-01-29 18:12:59','2026-02-16 18:12:59'),(37,'00363',1,'R503 Jam Kerja','Kuesioner: 4172','Corrected: 2693','Lainnya','Sudah dikonfirmasi ke responden','2026-02-01 18:12:59','2026-02-16 18:12:59'),(38,'04845',8,'R502 Lapangan Usaha','Kuesioner: 2535','Corrected: 4631','Salah Kode',NULL,'2026-01-05 18:12:59','2026-02-16 18:12:59'),(39,'02303',8,'R302 Umur','Kuesioner: 8631','Corrected: 9048','Salah Ketik',NULL,'2026-02-10 18:12:59','2026-02-16 18:12:59'),(40,'01945',4,'R503 Jam Kerja','Kuesioner: 5827','Corrected: 3528','Terlewat',NULL,'2026-01-28 18:12:59','2026-02-16 18:12:59'),(41,'01166',6,'R302 Umur','Kuesioner: 6216','Corrected: 8058','Salah Ketik','Sudah dikonfirmasi ke responden','2026-01-17 18:12:59','2026-02-16 18:12:59'),(42,'01166',2,'R502 Lapangan Usaha','Kuesioner: 1633','Corrected: 6056','Salah Kode',NULL,'2026-02-07 18:12:59','2026-02-16 18:12:59'),(43,'03765',9,'R310 Pendidikan','Kuesioner: 6974','Corrected: 5122','Salah Ketik',NULL,'2026-01-18 18:12:59','2026-02-16 18:12:59'),(44,'02424',9,'R310 Pendidikan','Kuesioner: 6706','Corrected: 2315','Salah Ketik',NULL,'2026-01-31 18:12:59','2026-02-16 18:12:59'),(45,'02842',1,'R303 Status Kawin','Kuesioner: 6323','Corrected: 633','Salah Ketik','Sudah dikonfirmasi ke responden','2026-01-20 18:12:59','2026-02-16 18:12:59'),(46,'04610',8,'R503 Jam Kerja','Kuesioner: 1373','Corrected: 8065','Salah Kode',NULL,'2026-01-16 18:12:59','2026-02-16 18:12:59'),(47,'02303',3,'R303 Status Kawin','Kuesioner: 3740','Corrected: 6953','Salah Ketik',NULL,'2026-02-09 18:12:59','2026-02-16 18:12:59'),(48,'01797',2,'R401 Pendapatan','Kuesioner: 7118','Corrected: 6568','Salah Baca',NULL,'2026-01-11 18:12:59','2026-02-16 18:12:59'),(49,'03051',4,'R302 Umur','Kuesioner: 504','Corrected: 9794','Salah Ketik','Sudah dikonfirmasi ke responden','2026-01-08 18:12:59','2026-02-16 18:12:59'),(50,'04610',5,'R310 Pendidikan','Kuesioner: 2539','Corrected: 617','Lainnya',NULL,'2026-02-10 18:12:59','2026-02-16 18:12:59'),(51,'02424',6,'R501 Status Pekerjaan','Kuesioner: 5372','Corrected: 1218','Salah Kode',NULL,'2026-01-21 18:12:59','2026-02-16 18:12:59'),(52,'04952',7,'R302 Umur','Kuesioner: 941','Corrected: 9584','Salah Kode',NULL,'2026-01-24 18:12:59','2026-02-16 18:12:59'),(53,'01204',9,'R401 Pendapatan','Kuesioner: 2025','Corrected: 3130','Salah Ketik','Sudah dikonfirmasi ke responden','2026-01-27 18:12:59','2026-02-16 18:12:59'),(54,'02218',1,'R401 Pengeluaran Pangan','Kuesioner: 9365','Corrected: 4299','Terlewat',NULL,'2026-01-24 18:12:59','2026-02-16 18:12:59'),(55,'04515',6,'R310 Pendidikan','Kuesioner: 6551','Corrected: 9472','Salah Kode',NULL,'2026-01-14 18:12:59','2026-02-16 18:12:59'),(56,'01642',9,'R501 Status Pekerjaan','Kuesioner: 440','Corrected: 3593','Lainnya',NULL,'2026-01-22 18:12:59','2026-02-16 18:12:59'),(57,'00557',7,'R303 Status Kawin','Kuesioner: 4509','Corrected: 8103','Salah Ketik','Sudah dikonfirmasi ke responden','2026-01-11 18:12:59','2026-02-16 18:12:59'),(58,'00051',3,'R310 Pendidikan','Kuesioner: 6706','Corrected: 4149','Lainnya',NULL,'2026-01-25 18:12:59','2026-02-16 18:12:59'),(59,'01532',8,'R502 Lapangan Usaha','Kuesioner: 9921','Corrected: 2829','Salah Ketik',NULL,'2026-02-02 18:12:59','2026-02-16 18:12:59'),(60,'01797',6,'R302 Umur','Kuesioner: 4254','Corrected: 7545','Lainnya',NULL,'2026-02-12 18:12:59','2026-02-16 18:12:59'),(61,'01086',5,'R503 Jam Kerja','Kuesioner: 6669','Corrected: 2924','Salah Baca','Sudah dikonfirmasi ke responden','2026-01-31 18:12:59','2026-02-16 18:12:59'),(62,'03689',9,'R502 Lapangan Usaha','Kuesioner: 8563','Corrected: 6603','Lainnya',NULL,'2026-02-13 18:12:59','2026-02-16 18:12:59'),(63,'03234',10,'R503 Jam Kerja','Kuesioner: 7028','Corrected: 4610','Salah Baca',NULL,'2026-02-09 18:12:59','2026-02-16 18:12:59'),(64,'00051',8,'R303 Status Kawin','Kuesioner: 9375','Corrected: 3283','Salah Baca',NULL,'2026-01-18 18:12:59','2026-02-16 18:12:59'),(65,'01642',5,'R302 Umur','Kuesioner: 3557','Corrected: 6262','Salah Ketik','Sudah dikonfirmasi ke responden','2026-01-15 18:12:59','2026-02-16 18:12:59'),(66,'00857',6,'R502 Lapangan Usaha','Kuesioner: 3761','Corrected: 9861','Lainnya',NULL,'2026-01-31 18:12:59','2026-02-16 18:12:59'),(67,'02842',1,'R503 Jam Kerja','Kuesioner: 3462','Corrected: 8649','Lainnya',NULL,'2026-01-03 18:12:59','2026-02-16 18:12:59'),(68,'04515',2,'R501 Status Pekerjaan','Kuesioner: 5003','Corrected: 1786','Salah Ketik',NULL,'2026-01-23 18:12:59','2026-02-16 18:12:59'),(69,'00203',3,'R402 Pengeluaran Non-Pangan','Kuesioner: 5916','Corrected: 5953','Lainnya','Sudah dikonfirmasi ke responden','2026-01-15 18:12:59','2026-02-16 18:12:59'),(70,'01340',10,'R402 Pengeluaran Non-Pangan','Kuesioner: 1345','Corrected: 5258','Terlewat',NULL,'2026-01-08 18:12:59','2026-02-16 18:12:59'),(71,'00203',1,'R302 Umur','Kuesioner: 2426','Corrected: 9375','Salah Baca',NULL,'2026-01-09 18:12:59','2026-02-16 18:12:59'),(72,'03689',6,'R503 Jam Kerja','Kuesioner: 1362','Corrected: 1970','Lainnya',NULL,'2026-01-16 18:12:59','2026-02-16 18:12:59'),(73,'04610',6,'R301 Jenis Kelamin','Kuesioner: 5963','Corrected: 7242','Terlewat','Sudah dikonfirmasi ke responden','2026-01-10 18:12:59','2026-02-16 18:12:59'),(74,'03765',3,'R401 Pengeluaran Pangan','Kuesioner: 935','Corrected: 8055','Salah Kode',NULL,'2026-02-09 18:12:59','2026-02-16 18:12:59'),(75,'00968',1,'R503 Jam Kerja','Kuesioner: 7223','Corrected: 5753','Terlewat',NULL,'2026-02-11 18:12:59','2026-02-16 18:12:59'),(76,'04515',6,'R502 Lapangan Usaha','Kuesioner: 2206','Corrected: 5314','Salah Kode',NULL,'2026-02-11 18:12:59','2026-02-16 18:12:59'),(77,'01797',2,'R301 Jenis Kelamin','Kuesioner: 1545','Corrected: 2601','Salah Ketik','Sudah dikonfirmasi ke responden','2026-01-04 18:12:59','2026-02-16 18:12:59'),(78,'00557',1,'R310 Pendidikan','Kuesioner: 3187','Corrected: 9319','Salah Baca',NULL,'2026-01-11 18:12:59','2026-02-16 18:12:59'),(79,'03051',6,'R303 Status Kawin','Kuesioner: 8918','Corrected: 4936','Terlewat',NULL,'2026-02-06 18:12:59','2026-02-16 18:12:59'),(80,'01532',4,'R501 Status Pekerjaan','Kuesioner: 6950','Corrected: 9780','Lainnya',NULL,'2026-01-03 18:12:59','2026-02-16 18:12:59');
/*!40000 ALTER TABLE `uji_petik` ENABLE KEYS */;
UNLOCK TABLES;

--
-- Table structure for table `users`
--

DROP TABLE IF EXISTS `users`;
/*!40101 SET @saved_cs_client     = @@character_set_client */;
/*!50503 SET character_set_client = utf8mb4 */;
CREATE TABLE `users` (
  `id_user` int NOT NULL AUTO_INCREMENT,
  `fullname` varchar(100) NOT NULL,
  `username` varchar(50) NOT NULL,
  `email` varchar(100) NOT NULL,
  `password` varchar(255) NOT NULL,
  `nik_ktp` varchar(16) DEFAULT NULL,
  `sobat_id` varchar(50) DEFAULT NULL,
  `id_role` int NOT NULL,
  `id_supervisor` int DEFAULT NULL,
  `is_active` tinyint(1) NOT NULL DEFAULT '1',
  `created_at` timestamp NOT NULL DEFAULT CURRENT_TIMESTAMP,
  `updated_at` timestamp NOT NULL DEFAULT CURRENT_TIMESTAMP ON UPDATE CURRENT_TIMESTAMP,
  PRIMARY KEY (`id_user`),
  UNIQUE KEY `username` (`username`),
  UNIQUE KEY `email` (`email`),
  KEY `fk_user_role` (`id_role`),
  KEY `fk_user_supervisor` (`id_supervisor`),
  CONSTRAINT `fk_user_role` FOREIGN KEY (`id_role`) REFERENCES `roles` (`id_role`) ON DELETE CASCADE ON UPDATE CASCADE,
  CONSTRAINT `fk_user_supervisor` FOREIGN KEY (`id_supervisor`) REFERENCES `users` (`id_user`) ON DELETE SET NULL ON UPDATE CASCADE
) ENGINE=InnoDB AUTO_INCREMENT=73 DEFAULT CHARSET=utf8mb4 COLLATE=utf8mb4_0900_ai_ci;
/*!40101 SET character_set_client = @saved_cs_client */;

--
-- Dumping data for table `users`
--

LOCK TABLES `users` WRITE;
/*!40000 ALTER TABLE `users` DISABLE KEYS */;
INSERT INTO `users` VALUES (1,'Super Admin','admin','admin@monika.local','$2y$10$RaYL81juQ2kheV0FUzutF.7OaKcP2JqlzmXKlydWuS0w1K95h8Vvm','0000000000000000','ADMIN-0001',1,NULL,1,'2026-02-16 07:43:27','2026-02-16 14:43:27'),(13,'Nanang Pamungkas','admin_nanang','nanang.pamungkas@bps.go.id','$2y$12$LaOiLHznyFjBCOt8FUdFh.We2dK9TvxDMynGmJmL1n7HMjMHnY3Ri',NULL,NULL,1,NULL,1,'2026-02-16 08:10:42','2026-02-16 08:10:42'),(14,'Muhamad Suharsa','admin_suharsa','muhamad.suharsa@bps.go.id','$2y$12$LaOiLHznyFjBCOt8FUdFh.We2dK9TvxDMynGmJmL1n7HMjMHnY3Ri',NULL,NULL,1,NULL,1,'2026-02-16 08:10:42','2026-02-16 08:10:42'),(15,'Qudrat Jufrian','mod_qudrat','qudrat.jufrian@bps.go.id','$2y$12$LaOiLHznyFjBCOt8FUdFh.We2dK9TvxDMynGmJmL1n7HMjMHnY3Ri',NULL,NULL,6,NULL,1,'2026-02-16 08:10:42','2026-02-16 08:10:42'),(16,'Arumita Hertriesa','mod_arumita','arumita.hertriesa@bps.go.id','$2y$12$LaOiLHznyFjBCOt8FUdFh.We2dK9TvxDMynGmJmL1n7HMjMHnY3Ri',NULL,NULL,6,NULL,1,'2026-02-16 08:10:42','2026-02-16 08:10:42'),(17,'Putri Salsabhila','user_putri','putrisalsabhilafahira10@gmail.com','$2y$12$LaOiLHznyFjBCOt8FUdFh.We2dK9TvxDMynGmJmL1n7HMjMHnY3Ri',NULL,NULL,3,57,1,'2026-02-16 08:10:42','2026-02-16 18:12:14'),(18,'Astri Widarianti','user_astri','a.widarianti@gmail.com','$2y$12$LaOiLHznyFjBCOt8FUdFh.We2dK9TvxDMynGmJmL1n7HMjMHnY3Ri',NULL,NULL,4,61,1,'2026-02-16 08:10:42','2026-02-16 18:12:15'),(19,'Nur Ida Suryandari','user_nurida','nidasuryandari@gmail.com','$2y$12$LaOiLHznyFjBCOt8FUdFh.We2dK9TvxDMynGmJmL1n7HMjMHnY3Ri',NULL,NULL,4,65,1,'2026-02-16 08:10:42','2026-02-16 18:12:16'),(20,'Gilang Risqi','user_gilang','gilangrizqi2001@gmail.com','$2y$12$LaOiLHznyFjBCOt8FUdFh.We2dK9TvxDMynGmJmL1n7HMjMHnY3Ri',NULL,NULL,3,54,1,'2026-02-16 08:10:42','2026-02-16 18:12:15'),(21,'Dimas Rafendra','user_dimas','rafendra.dimas09@gmail.com','$2y$12$LaOiLHznyFjBCOt8FUdFh.We2dK9TvxDMynGmJmL1n7HMjMHnY3Ri',NULL,NULL,3,57,0,'2026-02-16 08:10:43','2026-02-16 18:12:15'),(22,'Zainal Gufron','user_zainal','muhammadzainalgufron11@gmail.com','$2y$12$LaOiLHznyFjBCOt8FUdFh.We2dK9TvxDMynGmJmL1n7HMjMHnY3Ri',NULL,NULL,4,71,1,'2026-02-16 08:10:43','2026-02-16 18:12:16'),(23,'Budi Santoso','admin_01','admin1@bps-jember.go.id','$2y$12$wcatUa3vFWazxeh9zuLj9eCxERI0qtMi6MwmtKaaptf1tgxHH/qbe','3509121602893532','SBT00001',1,NULL,1,'2025-06-01 11:12:14','2026-02-16 11:12:14'),(24,'Candra Wijaya','admin_02','admin2@bps-jember.go.id','$2y$12$wcatUa3vFWazxeh9zuLj9eCxERI0qtMi6MwmtKaaptf1tgxHH/qbe','3509211602037029','SBT00002',1,NULL,1,'2025-04-25 11:12:14','2026-02-16 11:12:14'),(25,'Dewi Kusuma','admin_03','admin3@bps-jember.go.id','$2y$12$wcatUa3vFWazxeh9zuLj9eCxERI0qtMi6MwmtKaaptf1tgxHH/qbe','3509021602863935','SBT00003',1,NULL,1,'2025-09-04 11:12:14','2026-02-16 11:12:14'),(26,'Eka Hidayat','pcl_01','pcl1@bps-jember.go.id','$2y$12$wcatUa3vFWazxeh9zuLj9eCxERI0qtMi6MwmtKaaptf1tgxHH/qbe','3509081602844876','SBT00004',3,53,1,'2025-05-06 11:12:14','2026-02-16 18:12:15'),(27,'Fitri Rahayu','pcl_02','pcl2@bps-jember.go.id','$2y$12$wcatUa3vFWazxeh9zuLj9eCxERI0qtMi6MwmtKaaptf1tgxHH/qbe','3509221602716735','SBT00005',3,52,1,'2025-04-25 11:12:14','2026-02-16 18:12:15'),(28,'Galih Permana','pcl_03','pcl3@bps-jember.go.id','$2y$12$wcatUa3vFWazxeh9zuLj9eCxERI0qtMi6MwmtKaaptf1tgxHH/qbe','3509081602843192','SBT00006',3,54,1,'2025-08-08 11:12:14','2026-02-16 18:12:15'),(29,'Hendra Saputra','pcl_04','pcl4@bps-jember.go.id','$2y$12$wcatUa3vFWazxeh9zuLj9eCxERI0qtMi6MwmtKaaptf1tgxHH/qbe','3509021602006709','SBT00007',3,59,1,'2025-11-03 11:12:14','2026-02-16 18:12:15'),(30,'Indra Handayani','pcl_05','pcl5@bps-jember.go.id','$2y$12$wcatUa3vFWazxeh9zuLj9eCxERI0qtMi6MwmtKaaptf1tgxHH/qbe','3509071602867268','SBT00008',3,60,1,'2025-03-14 11:12:14','2026-02-16 18:12:15'),(31,'Joko Wibowo','pcl_06','pcl6@bps-jember.go.id','$2y$12$wcatUa3vFWazxeh9zuLj9eCxERI0qtMi6MwmtKaaptf1tgxHH/qbe','3509061602886764','SBT00009',3,51,1,'2025-08-12 11:12:14','2026-02-16 18:12:15'),(32,'Kartika Nugroho','pcl_07','pcl7@bps-jember.go.id','$2y$12$wcatUa3vFWazxeh9zuLj9eCxERI0qtMi6MwmtKaaptf1tgxHH/qbe','3509091602834925','SBT00010',3,58,1,'2025-07-12 11:12:14','2026-02-16 18:12:15'),(33,'Lukman Putra','pcl_08','pcl8@bps-jember.go.id','$2y$12$wcatUa3vFWazxeh9zuLj9eCxERI0qtMi6MwmtKaaptf1tgxHH/qbe','3509241602857037','SBT00011',3,59,1,'2025-04-05 11:12:14','2026-02-16 18:12:15'),(34,'Maya Sari','pcl_09','pcl9@bps-jember.go.id','$2y$12$wcatUa3vFWazxeh9zuLj9eCxERI0qtMi6MwmtKaaptf1tgxHH/qbe','3509191602960725','SBT00012',3,57,0,'2025-09-30 11:12:14','2026-02-16 18:12:15'),(35,'Nanda Utami','pcl_10','pcl10@bps-jember.go.id','$2y$12$wcatUa3vFWazxeh9zuLj9eCxERI0qtMi6MwmtKaaptf1tgxHH/qbe','3509121602052791','SBT00013',3,52,1,'2025-02-23 11:12:14','2026-02-16 18:12:15'),(36,'Oki Lestari','pcl_11','pcl11@bps-jember.go.id','$2y$12$wcatUa3vFWazxeh9zuLj9eCxERI0qtMi6MwmtKaaptf1tgxHH/qbe','3509011602065168','SBT00014',3,54,1,'2025-04-02 11:12:14','2026-02-16 18:12:15'),(37,'Putri Firmansyah','pcl_12','pcl12@bps-jember.go.id','$2y$12$wcatUa3vFWazxeh9zuLj9eCxERI0qtMi6MwmtKaaptf1tgxHH/qbe','3509051602069882','SBT00015',3,57,1,'2025-12-27 11:12:14','2026-02-16 18:12:15'),(38,'Rahmat Cahyono','pcl_13','pcl13@bps-jember.go.id','$2y$12$wcatUa3vFWazxeh9zuLj9eCxERI0qtMi6MwmtKaaptf1tgxHH/qbe','3509181602903688','SBT00016',3,52,1,'2025-09-22 11:12:14','2026-02-16 18:12:15'),(39,'Siti Setiawan','pcl_14','pcl14@bps-jember.go.id','$2y$12$wcatUa3vFWazxeh9zuLj9eCxERI0qtMi6MwmtKaaptf1tgxHH/qbe','3509011602902982','SBT00017',3,58,1,'2025-08-19 11:12:14','2026-02-16 18:12:15'),(40,'Tono Purnomo','pcl_15','pcl15@bps-jember.go.id','$2y$12$wcatUa3vFWazxeh9zuLj9eCxERI0qtMi6MwmtKaaptf1tgxHH/qbe','3509251602915293','SBT00018',3,58,1,'2025-08-29 11:12:14','2026-02-16 18:12:15'),(41,'Umi Susanto','pengolah_01','pengolah1@bps-jember.go.id','$2y$12$wcatUa3vFWazxeh9zuLj9eCxERI0qtMi6MwmtKaaptf1tgxHH/qbe','3509051602843555','SBT00019',4,62,1,'2025-02-22 11:12:14','2026-02-16 18:12:16'),(42,'Vina Hartono','pengolah_02','pengolah2@bps-jember.go.id','$2y$12$wcatUa3vFWazxeh9zuLj9eCxERI0qtMi6MwmtKaaptf1tgxHH/qbe','3509251602774513','SBT00020',4,71,1,'2025-04-28 11:12:14','2026-02-16 18:12:16'),(43,'Wahyu Budiman','pengolah_03','pengolah3@bps-jember.go.id','$2y$12$wcatUa3vFWazxeh9zuLj9eCxERI0qtMi6MwmtKaaptf1tgxHH/qbe','3509231602894740','SBT00021',4,67,1,'2025-12-30 11:12:14','2026-02-16 18:12:16'),(44,'Yanto Suryadi','pengolah_04','pengolah4@bps-jember.go.id','$2y$12$wcatUa3vFWazxeh9zuLj9eCxERI0qtMi6MwmtKaaptf1tgxHH/qbe','3509091602717870','SBT00022',4,16,1,'2025-11-18 11:12:14','2026-02-16 18:12:16'),(45,'Zahra Maulana','pengolah_05','pengolah5@bps-jember.go.id','$2y$12$wcatUa3vFWazxeh9zuLj9eCxERI0qtMi6MwmtKaaptf1tgxHH/qbe','3509071602735405','SBT00023',4,69,1,'2025-04-01 11:12:14','2026-02-16 18:12:16'),(46,'Agus Hakim','pengolah_06','pengolah6@bps-jember.go.id','$2y$12$wcatUa3vFWazxeh9zuLj9eCxERI0qtMi6MwmtKaaptf1tgxHH/qbe','3509201602942464','SBT00024',4,65,0,'2025-11-10 11:12:14','2026-02-16 18:12:16'),(47,'Bambang Prasetyo','pengolah_07','pengolah7@bps-jember.go.id','$2y$12$wcatUa3vFWazxeh9zuLj9eCxERI0qtMi6MwmtKaaptf1tgxHH/qbe','3509241602858359','SBT00025',4,71,1,'2025-12-02 11:12:14','2026-02-16 18:12:16'),(48,'Dian Santoso','pengolah_08','pengolah8@bps-jember.go.id','$2y$12$wcatUa3vFWazxeh9zuLj9eCxERI0qtMi6MwmtKaaptf1tgxHH/qbe','3509061602715752','SBT00026',4,63,1,'2025-07-14 11:12:14','2026-02-16 18:12:16'),(49,'Endang Wijaya','pengolah_09','pengolah9@bps-jember.go.id','$2y$12$wcatUa3vFWazxeh9zuLj9eCxERI0qtMi6MwmtKaaptf1tgxHH/qbe','3509071602874253','SBT00027',4,72,1,'2025-03-08 11:12:14','2026-02-16 18:12:16'),(50,'Fajar Kusuma','pengolah_10','pengolah10@bps-jember.go.id','$2y$12$wcatUa3vFWazxeh9zuLj9eCxERI0qtMi6MwmtKaaptf1tgxHH/qbe','3509171602755335','SBT00028',4,64,1,'2025-06-27 11:12:14','2026-02-16 18:12:16'),(51,'Gunawan Hidayat','pml_01','pml1@bps-jember.go.id','$2y$12$wcatUa3vFWazxeh9zuLj9eCxERI0qtMi6MwmtKaaptf1tgxHH/qbe','3509121602918964','SBT00029',5,NULL,1,'2025-09-20 11:12:14','2026-02-16 11:12:14'),(52,'Hani Rahayu','pml_02','pml2@bps-jember.go.id','$2y$12$wcatUa3vFWazxeh9zuLj9eCxERI0qtMi6MwmtKaaptf1tgxHH/qbe','3509101602063920','SBT00030',5,NULL,1,'2025-10-07 11:12:14','2026-02-16 11:12:14'),(53,'Imam Permana','pml_03','pml3@bps-jember.go.id','$2y$12$wcatUa3vFWazxeh9zuLj9eCxERI0qtMi6MwmtKaaptf1tgxHH/qbe','3509231602848965','SBT00031',5,NULL,1,'2025-09-27 11:12:14','2026-02-16 11:12:14'),(54,'Jihan Saputra','pml_04','pml4@bps-jember.go.id','$2y$12$wcatUa3vFWazxeh9zuLj9eCxERI0qtMi6MwmtKaaptf1tgxHH/qbe','3509051602742602','SBT00032',5,NULL,1,'2025-10-27 11:12:14','2026-02-16 11:12:14'),(55,'Kurnia Handayani','pml_05','pml5@bps-jember.go.id','$2y$12$wcatUa3vFWazxeh9zuLj9eCxERI0qtMi6MwmtKaaptf1tgxHH/qbe','3509111602863907','SBT00033',5,NULL,1,'2025-09-16 11:12:14','2026-02-16 11:12:14'),(56,'Lina Wibowo','pml_06','pml6@bps-jember.go.id','$2y$12$wcatUa3vFWazxeh9zuLj9eCxERI0qtMi6MwmtKaaptf1tgxHH/qbe','3509011602014908','SBT00034',5,NULL,1,'2025-06-16 11:12:14','2026-02-16 11:12:14'),(57,'Mira Nugroho','pml_07','pml7@bps-jember.go.id','$2y$12$wcatUa3vFWazxeh9zuLj9eCxERI0qtMi6MwmtKaaptf1tgxHH/qbe','3509191602768766','SBT00035',5,NULL,1,'2026-01-16 11:12:14','2026-02-16 11:12:14'),(58,'Nur Putra','pml_08','pml8@bps-jember.go.id','$2y$12$wcatUa3vFWazxeh9zuLj9eCxERI0qtMi6MwmtKaaptf1tgxHH/qbe','3509021602790867','SBT00036',5,NULL,0,'2025-05-15 11:12:14','2026-02-16 11:12:14'),(59,'Oki Sari','pml_09','pml9@bps-jember.go.id','$2y$12$wcatUa3vFWazxeh9zuLj9eCxERI0qtMi6MwmtKaaptf1tgxHH/qbe','3509201602893613','SBT00037',5,NULL,1,'2025-08-16 11:12:14','2026-02-16 11:12:14'),(60,'Puji Utami','pml_10','pml10@bps-jember.go.id','$2y$12$wcatUa3vFWazxeh9zuLj9eCxERI0qtMi6MwmtKaaptf1tgxHH/qbe','3509241602961790','SBT00038',5,NULL,1,'2025-02-19 11:12:14','2026-02-16 11:12:14'),(61,'Rina Lestari','pengawas_01','pengawas1@bps-jember.go.id','$2y$12$wcatUa3vFWazxeh9zuLj9eCxERI0qtMi6MwmtKaaptf1tgxHH/qbe','3509021602065578','SBT00039',6,NULL,1,'2025-03-20 11:12:14','2026-02-16 11:12:14'),(62,'Sri Firmansyah','pengawas_02','pengawas2@bps-jember.go.id','$2y$12$wcatUa3vFWazxeh9zuLj9eCxERI0qtMi6MwmtKaaptf1tgxHH/qbe','3509161602918371','SBT00040',6,NULL,1,'2025-07-03 11:12:14','2026-02-16 11:12:14'),(63,'Tia Cahyono','pengawas_03','pengawas3@bps-jember.go.id','$2y$12$wcatUa3vFWazxeh9zuLj9eCxERI0qtMi6MwmtKaaptf1tgxHH/qbe','3509091602009135','SBT00041',6,NULL,1,'2025-11-26 11:12:14','2026-02-16 11:12:14'),(64,'Udin Setiawan','pengawas_04','pengawas4@bps-jember.go.id','$2y$12$wcatUa3vFWazxeh9zuLj9eCxERI0qtMi6MwmtKaaptf1tgxHH/qbe','3509051602760146','SBT00042',6,NULL,1,'2025-12-17 11:12:14','2026-02-16 11:12:14'),(65,'Vera Purnomo','pengawas_05','pengawas5@bps-jember.go.id','$2y$12$wcatUa3vFWazxeh9zuLj9eCxERI0qtMi6MwmtKaaptf1tgxHH/qbe','3509081602810298','SBT00043',6,NULL,1,'2025-05-06 11:12:14','2026-02-16 11:12:14'),(66,'Widi Susanto','pengawas_06','pengawas6@bps-jember.go.id','$2y$12$wcatUa3vFWazxeh9zuLj9eCxERI0qtMi6MwmtKaaptf1tgxHH/qbe','3509111602782643','SBT00044',6,NULL,1,'2025-11-05 11:12:14','2026-02-16 11:12:14'),(67,'Yuni Hartono','pengawas_07','pengawas7@bps-jember.go.id','$2y$12$wcatUa3vFWazxeh9zuLj9eCxERI0qtMi6MwmtKaaptf1tgxHH/qbe','3509091602059249','SBT00045',6,NULL,1,'2025-04-20 11:12:14','2026-02-16 11:12:14'),(68,'Zaki Budiman','pengawas_08','pengawas8@bps-jember.go.id','$2y$12$wcatUa3vFWazxeh9zuLj9eCxERI0qtMi6MwmtKaaptf1tgxHH/qbe','3509181602963767','SBT00046',6,NULL,1,'2025-03-27 11:12:14','2026-02-16 11:12:14'),(69,'Arif Suryadi','pengawas_09','pengawas9@bps-jember.go.id','$2y$12$wcatUa3vFWazxeh9zuLj9eCxERI0qtMi6MwmtKaaptf1tgxHH/qbe','3509021602999112','SBT00047',6,NULL,1,'2025-12-19 11:12:14','2026-02-16 11:12:14'),(70,'Bayu Maulana','pengawas_10','pengawas10@bps-jember.go.id','$2y$12$wcatUa3vFWazxeh9zuLj9eCxERI0qtMi6MwmtKaaptf1tgxHH/qbe','3509231602971833','SBT00048',6,NULL,0,'2025-05-11 11:12:14','2026-02-16 11:12:14'),(71,'Cindy Hakim','pengawas_11','pengawas11@bps-jember.go.id','$2y$12$wcatUa3vFWazxeh9zuLj9eCxERI0qtMi6MwmtKaaptf1tgxHH/qbe','3509241602831183','SBT00049',6,NULL,1,'2025-09-02 11:12:14','2026-02-16 11:12:14'),(72,'Ahmad Prasetyo','pengawas_12','pengawas12@bps-jember.go.id','$2y$12$wcatUa3vFWazxeh9zuLj9eCxERI0qtMi6MwmtKaaptf1tgxHH/qbe','3509131602967675','SBT00050',6,NULL,1,'2026-01-04 11:12:14','2026-02-16 11:12:14');
/*!40000 ALTER TABLE `users` ENABLE KEYS */;
UNLOCK TABLES;

--
-- Table structure for table `users_backup_20260216_150903`
--

DROP TABLE IF EXISTS `users_backup_20260216_150903`;
/*!40101 SET @saved_cs_client     = @@character_set_client */;
/*!50503 SET character_set_client = utf8mb4 */;
CREATE TABLE `users_backup_20260216_150903` (
  `id_user` int NOT NULL DEFAULT '0',
  `fullname` varchar(100) NOT NULL,
  `username` varchar(50) NOT NULL,
  `email` varchar(100) NOT NULL,
  `password` varchar(255) NOT NULL,
  `nik_ktp` varchar(16) DEFAULT NULL,
  `sobat_id` varchar(50) DEFAULT NULL,
  `id_role` int NOT NULL,
  `id_supervisor` int DEFAULT NULL,
  `is_active` tinyint(1) NOT NULL DEFAULT '1',
  `created_at` timestamp NOT NULL DEFAULT CURRENT_TIMESTAMP,
  `updated_at` timestamp NOT NULL DEFAULT CURRENT_TIMESTAMP ON UPDATE CURRENT_TIMESTAMP
) ENGINE=InnoDB DEFAULT CHARSET=utf8mb4 COLLATE=utf8mb4_0900_ai_ci;
/*!40101 SET character_set_client = @saved_cs_client */;

--
-- Dumping data for table `users_backup_20260216_150903`
--

LOCK TABLES `users_backup_20260216_150903` WRITE;
/*!40000 ALTER TABLE `users_backup_20260216_150903` DISABLE KEYS */;
INSERT INTO `users_backup_20260216_150903` VALUES (1,'Super Admin','admin','admin@monika.local','$2y$10$RaYL81juQ2kheV0FUzutF.7OaKcP2JqlzmXKlydWuS0w1K95h8Vvm','0000000000000000','ADMIN-0001',1,NULL,1,'2026-02-16 07:43:27','2026-02-16 14:43:27');
/*!40000 ALTER TABLE `users_backup_20260216_150903` ENABLE KEYS */;
UNLOCK TABLES;

--
-- Table structure for table `users_backup_20260216_151041`
--

DROP TABLE IF EXISTS `users_backup_20260216_151041`;
/*!40101 SET @saved_cs_client     = @@character_set_client */;
/*!50503 SET character_set_client = utf8mb4 */;
CREATE TABLE `users_backup_20260216_151041` (
  `id_user` int NOT NULL DEFAULT '0',
  `fullname` varchar(100) NOT NULL,
  `username` varchar(50) NOT NULL,
  `email` varchar(100) NOT NULL,
  `password` varchar(255) NOT NULL,
  `nik_ktp` varchar(16) DEFAULT NULL,
  `sobat_id` varchar(50) DEFAULT NULL,
  `id_role` int NOT NULL,
  `id_supervisor` int DEFAULT NULL,
  `is_active` tinyint(1) NOT NULL DEFAULT '1',
  `created_at` timestamp NOT NULL DEFAULT CURRENT_TIMESTAMP,
  `updated_at` timestamp NOT NULL DEFAULT CURRENT_TIMESTAMP ON UPDATE CURRENT_TIMESTAMP
) ENGINE=InnoDB DEFAULT CHARSET=utf8mb4 COLLATE=utf8mb4_0900_ai_ci;
/*!40101 SET character_set_client = @saved_cs_client */;

--
-- Dumping data for table `users_backup_20260216_151041`
--

LOCK TABLES `users_backup_20260216_151041` WRITE;
/*!40000 ALTER TABLE `users_backup_20260216_151041` DISABLE KEYS */;
INSERT INTO `users_backup_20260216_151041` VALUES (1,'Super Admin','admin','admin@monika.local','$2y$10$RaYL81juQ2kheV0FUzutF.7OaKcP2JqlzmXKlydWuS0w1K95h8Vvm','0000000000000000','ADMIN-0001',1,NULL,1,'2026-02-16 07:43:27','2026-02-16 14:43:27');
/*!40000 ALTER TABLE `users_backup_20260216_151041` ENABLE KEYS */;
UNLOCK TABLES;
/*!40103 SET TIME_ZONE=@OLD_TIME_ZONE */;

/*!40101 SET SQL_MODE=@OLD_SQL_MODE */;
/*!40014 SET FOREIGN_KEY_CHECKS=@OLD_FOREIGN_KEY_CHECKS */;
/*!40014 SET UNIQUE_CHECKS=@OLD_UNIQUE_CHECKS */;
/*!40101 SET CHARACTER_SET_CLIENT=@OLD_CHARACTER_SET_CLIENT */;
/*!40101 SET CHARACTER_SET_RESULTS=@OLD_CHARACTER_SET_RESULTS */;
/*!40101 SET COLLATION_CONNECTION=@OLD_COLLATION_CONNECTION */;
/*!40111 SET SQL_NOTES=@OLD_SQL_NOTES */;

-- Dump completed on 2026-02-17  1:35:33
